eid,subject,lab,date,session_number,n_trials,raw_lfp_available,raw_lfp_probes,n_raw_lfp_probes,dlc_available,dlc_views,lightning_pose_available,lightning_pose_views,pose_keypoints_available,n_registered_datasets,session_regions_with_good_units,session_region_good_unit_counts,n_regions_session
6713a4a7-faed-4df2-acab-ee4e63326f8d,NYU-11,angelakilab,2020-02-18,1,,True,probe00,1,True,"left, right",True,"left, right",DLC + Lightning Pose,141,"TH, HPF",TH:69; HPF:3,2
56956777-dca5-468c-87cb-78150432cc57,NYU-11,angelakilab,2020-02-21,1,,True,"probe00, probe01",2,True,"left, right",True,"left, right",DLC + Lightning Pose,233,"TH, CNU, CTXsp, HPF, OLF, Isocortex",TH:74; CNU:67; CTXsp:64; HPF:13; OLF:8; Isocortex:7,6
4364a246-f8d7-4ce7-ba23-a098104b96e4,NYU-12,angelakilab,2020-01-20,1,,True,probe01,1,True,"left, right",True,"left, right",DLC + Lightning Pose,144,"TH, HY",TH:157; HY:6,2
b182b754-3c3e-4942-8144-6ee790926b58,NYU-12,angelakilab,2020-01-21,1,,True,probe01,1,True,right,True,right,DLC + Lightning Pose,122,"MB, HB",MB:114; HB:99,2
a8a8af78-16de-4841-ab07-fde4b5281a03,NYU-12,angelakilab,2020-01-22,1,,True,"probe00, probe01",2,True,"left, right",True,"left, right",DLC + Lightning Pose,255,"HPF, TH, Isocortex",HPF:77; TH:37; Isocortex:10,3
032ffcdf-7692-40b3-b9ff-8def1fc18b2e,NYU-12,angelakilab,2020-01-23,1,,True,"probe00, probe01",2,True,"left, right",True,"left, right",DLC + Lightning Pose,236,"OLF, CTXsp, HPF, Isocortex, MB",OLF:42; CTXsp:28; HPF:28; Isocortex:12; MB:11,5
8c33abef-3d3e-4d42-9f27-445e9def08f9,NYU-21,angelakilab,2020-08-13,2,,True,"probe00, probe01",2,True,"body, left, right",True,"body, left, right",DLC + Lightning Pose,239,"TH, CNU, Isocortex",TH:71; CNU:59; Isocortex:51,3
ebe2efe3-e8a1-451a-8947-76ef42427cc9,NYU-21,angelakilab,2020-08-19,1,,True,"probe00, probe01",2,True,"body, left, right",True,"body, left, right",DLC + Lightning Pose,239,"TH, CNU, Isocortex, HY",TH:45; CNU:34; Isocortex:16; HY:10,4
77e6dc6a-66ed-433c-b1a2-778c914f523c,NYU-30,angelakilab,2020-10-20,1,,True,probe00,1,True,"body, left, right",True,"body, left, right",DLC + Lightning Pose,152,"Isocortex, OLF, CTXsp",Isocortex:40; OLF:29; CTXsp:22,3
5569f363-0934-464e-9a5b-77c8e67791a1,NYU-30,angelakilab,2020-10-21,1,,True,probe00,1,True,"body, left, right",True,"body, left, right",DLC + Lightning Pose,151,"Isocortex, OLF",Isocortex:53; OLF:52,2
5ec72172-3901-4771-8777-6e9490ca51fc,NYU-30,angelakilab,2020-10-22,1,,True,"probe00, probe01",2,True,"body, left, right",True,"body, left, right",DLC + Lightning Pose,249,"Isocortex, OLF, CNU",Isocortex:128; OLF:55; CNU:14,3
7af49c00-63dd-4fed-b2e0-1b3bd945b20b,NYU-37,angelakilab,2021-01-25,1,,True,"probe00, probe01",2,True,"body, left, right",True,"body, left, right",DLC + Lightning Pose,265,"TH, CNU, Isocortex, HPF, MB",TH:111; CNU:58; Isocortex:51; HPF:22; MB:16,5
f88d4dd4-ccd7-400e-9035-fa00be3bcfa8,NYU-37,angelakilab,2021-01-26,1,,True,"probe00, probe01",2,True,"body, left, right",True,"body, left, right",DLC + Lightning Pose,242,"CB, Isocortex, CNU",CB:191; Isocortex:54; CNU:35,3
83d85891-bd75-4557-91b4-1cbb5f8bfc9d,NYU-37,angelakilab,2021-01-27,1,,True,"probe00, probe01",2,True,"body, left, right",True,"body, left, right",DLC + Lightning Pose,239,"CB, TH, HY",CB:179; TH:23; HY:2,3
aec5d3cc-4bb2-4349-80a9-0395b76f04e2,NYU-37,angelakilab,2021-01-30,1,,True,"probe00, probe01",2,True,"body, left, right",True,"body, left, right",DLC + Lightning Pose,239,"CB, HB",CB:189; HB:137,2
21d21fc3-4201-4edc-802a-c67b61952548,NYU-37,angelakilab,2021-02-01,1,,True,probe00,1,True,"body, left, right",True,"body, left, right",DLC + Lightning Pose,148,MB,MB:61,1
6ed57216-498d-48a6-b48b-a243a34710ea,NYU-39,angelakilab,2021-05-10,1,,True,"probe00, probe01",2,True,"body, left, right",True,"body, left, right",DLC + Lightning Pose,243,"HB, TH, MB, Isocortex, HPF",HB:66; TH:62; MB:17; Isocortex:5; HPF:3,5
35ed605c-1a1a-47b1-86ff-2b56144f55af,NYU-39,angelakilab,2021-05-11,1,,True,"probe00, probe01",2,True,"body, left, right",True,"body, left, right",DLC + Lightning Pose,241,"HPF, CNU, Isocortex",HPF:99; CNU:47; Isocortex:45,3
fa1f26a1-eb49-4b24-917e-19f02a18ac61,NYU-39,angelakilab,2021-05-12,1,,True,"probe00, probe01",2,True,"body, left, right",True,"body, left, right",DLC + Lightning Pose,239,"HB, MB, CNU, Isocortex, TH",HB:44; MB:38; CNU:13; Isocortex:4; TH:3,5
ee212778-3903-4f5b-ac4b-a72f22debf03,NYU-39,angelakilab,2021-05-13,2,,True,"probe00, probe01",2,True,"body, left, right",True,"body, left, right",DLC + Lightning Pose,239,"HB, MB, CNU, Isocortex",HB:55; MB:29; CNU:12; Isocortex:2,4
91a3353a-2da1-420d-8c7c-fad2fedfdd18,NYU-39,angelakilab,2021-05-14,1,,True,"probe00, probe01",2,True,"body, left, right",True,"body, left, right",DLC + Lightning Pose,239,"CNU, OLF, CTXsp, Isocortex",CNU:30; OLF:12; CTXsp:11; Isocortex:4,4
5157810e-0fff-4bcf-b19d-32d4e39c7dfc,NYU-40,angelakilab,2021-04-13,1,,True,"probe00, probe01",2,True,"body, left, right",True,"body, left, right",DLC + Lightning Pose,243,"HB, MB, CB",HB:106; MB:61; CB:9,3
8ca740c5-e7fe-430a-aa10-e74e9c3cbbe8,NYU-40,angelakilab,2021-04-14,1,,True,"probe00, probe01",2,True,"body, left, right",True,"body, left, right",DLC + Lightning Pose,239,"HPF, Isocortex",HPF:131; Isocortex:5,2
71855308-7e54-41d7-a7a4-b042e78e3b4f,NYU-40,angelakilab,2021-04-15,1,,True,"probe00, probe01",2,True,"body, left, right",True,"body, left, right",DLC + Lightning Pose,243,"CB, HB",CB:210; HB:102,2
f359281f-6941-4bfd-90d4-940be22ed3c3,NYU-40,angelakilab,2021-04-16,2,,True,"probe00, probe01",2,True,"body, left, right",True,"body, left, right",DLC + Lightning Pose,239,CB,CB:60,1
51e53aff-1d5d-4182-a684-aba783d50ae5,NYU-45,angelakilab,2021-07-19,1,,True,"probe00, probe01",2,True,"body, left, right",True,"body, left, right",DLC + Lightning Pose,266,"MB, TH, HPF, Isocortex, OLF",MB:124; TH:115; HPF:19; Isocortex:6; OLF:1,5
537677fe-1e24-4755-948c-fa4a4e8ecce5,NYU-45,angelakilab,2021-07-20,2,,True,"probe00, probe01",2,True,"body, left, right",True,"body, left, right",DLC + Lightning Pose,243,"CB, Isocortex, MB, HB",CB:82; Isocortex:67; MB:26; HB:3,4
5bcafa14-71cb-42fa-8265-ce5cda1b89e0,NYU-45,angelakilab,2021-07-23,1,,True,"probe00, probe01",2,True,"body, left, right",True,"body, left, right",DLC + Lightning Pose,243,"HB, MB, CB",HB:144; MB:31; CB:14,3
d32876dd-8303-4720-8e7e-20678dc2fd71,NYU-46,angelakilab,2021-06-22,1,,True,probe00,1,True,"body, left, right",True,"body, left, right",DLC + Lightning Pose,148,"Isocortex, OLF",Isocortex:24; OLF:7,2
72982282-e493-45ee-87ce-aa45cb3a3ec1,NYU-46,angelakilab,2021-06-23,1,,True,"probe00, probe01",2,True,"body, left, right",True,"body, left, right",DLC + Lightning Pose,243,"CB, Isocortex, CNU",CB:36; Isocortex:27; CNU:13,3
6434f2f5-6bce-42b8-8563-d93d493613a2,NYU-46,angelakilab,2021-06-24,1,,True,probe00,1,True,"body, left, right",True,"body, left, right",DLC + Lightning Pose,152,"Isocortex, OLF, CTXsp, CNU",Isocortex:35; OLF:30; CTXsp:12; CNU:6,4
64e3fb86-928c-4079-865c-b364205b502e,NYU-46,angelakilab,2021-06-25,1,,True,probe01,1,True,"body, left, right",True,"body, left, right",DLC + Lightning Pose,153,Isocortex,Isocortex:25,1
15948667-747b-4702-9d53-354ac70e9119,NYU-47,angelakilab,2021-06-22,1,,True,"probe00, probe01",2,True,"body, left, right",True,"body, left, right",DLC + Lightning Pose,243,"HB, CB, MB",HB:133; CB:88; MB:7,3
288bfbf3-3700-4abe-b6e4-130b5c541e61,NYU-47,angelakilab,2021-06-24,3,,True,"probe00, probe01",2,True,"body, left, right",True,"body, left, right",DLC + Lightning Pose,243,"HB, CB, TH, Isocortex, CNU",HB:24; CB:16; TH:9; Isocortex:2; CNU:1,5
fc43390d-457e-463a-9fd4-b94a0a8b48f5,NYU-47,angelakilab,2021-06-25,1,,True,"probe00, probe01",2,True,"body, left, right",True,"body, left, right",DLC + Lightning Pose,239,"TH, CB, HB, CNU, Isocortex",TH:59; CB:17; HB:15; CNU:2; Isocortex:2,5
a405053a-eb13-4aa4-850c-5a337e5dc7fd,NYU-48,angelakilab,2021-06-29,1,,True,"probe00, probe01",2,True,"body, left, right",True,"body, left, right",DLC + Lightning Pose,239,"HPF, Isocortex, CNU",HPF:35; Isocortex:31; CNU:11,3
93ad879a-aa42-4150-83e1-38773c9785e4,NYU-48,angelakilab,2021-07-01,1,,True,"probe00, probe01",2,True,"body, left, right",True,"body, left, right",DLC + Lightning Pose,239,"CB, HB, MB",CB:121; HB:103; MB:65,3
3d59aa1a-b4ba-47fe-b9cf-741b5fdb0c7b,NYU-48,angelakilab,2021-07-02,1,,True,"probe00, probe01",2,True,"body, left, right",True,"body, left, right",DLC + Lightning Pose,243,"MB, HB, TH, Isocortex, HPF",MB:61; HB:32; TH:31; Isocortex:25; HPF:8,5
a2ec6341-c55f-48a0-a23b-0ef2f5b1d71e,NYU-65,angelakilab,2022-09-12,2,,True,"probe00, probe01",2,True,"body, left, right",True,"body, left, right",DLC + Lightning Pose,239,"CB, TH, HPF, HB, Isocortex",CB:77; TH:58; HPF:22; HB:14; Isocortex:3,5
8c025071-c4f3-426c-9aed-f149e8f75b7b,NYU-65,angelakilab,2022-09-15,1,,True,"probe00, probe01",2,True,"body, left, right",True,"body, left, right",DLC + Lightning Pose,239,"CB, HB",CB:197; HB:39,2
bb8d9451-fdbd-4f46-b52e-9290e8f84d2e,NYU-65,angelakilab,2022-09-16,1,,True,"probe00, probe01",2,True,"body, left, right",True,"body, left, right",DLC + Lightning Pose,239,"CB, HB",CB:198; HB:86,2
034e726f-b35f-41e0-8d6c-a22cc32391fb,CSHL045,churchlandlab,2020-02-24,1,,True,"probe00, probe01",2,True,"left, right",True,"left, right",DLC + Lightning Pose,226,"TH, Isocortex, HPF, HY, CNU",TH:97; Isocortex:19; HPF:9; HY:5; CNU:1,5
dfd8e7df-dc51-4589-b6ca-7baccfeb94b4,CSHL045,churchlandlab,2020-02-25,2,,True,probe01,1,True,"left, right",True,"left, right",DLC + Lightning Pose,136,"TH, CNU",TH:29; CNU:28,2
fa704052-147e-46f6-b190-a65b837e605e,CSHL045,churchlandlab,2020-02-26,1,,True,"probe00, probe01",2,True,"left, right",True,"left, right",DLC + Lightning Pose,224,"MB, Isocortex, HB, HPF",MB:57; Isocortex:36; HB:27; HPF:5,4
46794e05-3f6a-4d35-afb3-9165091a5a74,CSHL045,churchlandlab,2020-02-27,1,,True,probe01,1,True,"left, right",True,"left, right",DLC + Lightning Pose,130,"HB, CB",HB:76; CB:24,2
7939711b-8b4d-4251-b698-b97c1eaa846e,CSHL045,churchlandlab,2020-02-28,1,,True,probe01,1,True,"left, right",True,"left, right",DLC + Lightning Pose,133,"HB, CB",HB:119; CB:94,2
b52182e7-39f6-4914-9717-136db589706e,CSHL047,churchlandlab,2020-01-21,1,,True,"probe00, probe01",2,True,"left, right",True,"left, right",DLC + Lightning Pose,224,"Isocortex, HPF, MB",Isocortex:60; HPF:55; MB:37,3
2d5f6d81-38c4-4bdc-ac3c-302ea4d5f46e,CSHL047,churchlandlab,2020-01-22,2,,True,"probe00, probe01",2,True,"left, right",True,"left, right",DLC + Lightning Pose,224,"TH, CNU, Isocortex, HPF, OLF",TH:48; CNU:34; Isocortex:25; HPF:11; OLF:1,5
4b7fbad4-f6de-43b4-9b15-c7c7ef44db4b,CSHL049,churchlandlab,2020-01-08,1,,True,"probe00, probe01",2,True,"body, left, right",True,"left, right",DLC + Lightning Pose,292,"CNU, OLF, Isocortex, MB, CTXsp, HPF, TH",CNU:79; OLF:36; Isocortex:29; MB:15; CTXsp:8; HPF:8; TH:5,7
c99d53e6-c317-4c53-99ba-070b26673ac4,CSHL049,churchlandlab,2020-01-09,1,,True,probe00,1,True,"left, right",True,"left, right",DLC + Lightning Pose,133,"TH, Isocortex, HPF, MB",TH:23; Isocortex:21; HPF:14; MB:2,4
d2918f52-8280-43c0-924b-029b2317e62c,CSHL049,churchlandlab,2020-01-10,2,,True,probe00,1,True,"left, right",True,"left, right",DLC + Lightning Pose,128,"Isocortex, CNU, HY",Isocortex:127; CNU:75; HY:5,3
d839491f-55d8-4cbe-a298-7839208ba12b,CSHL049,churchlandlab,2020-01-11,1,,True,"probe00, probe01",2,True,"left, right",True,"left, right",DLC + Lightning Pose,219,"CNU, Isocortex, HPF, CTXsp, OLF",CNU:51; Isocortex:31; HPF:18; CTXsp:11; OLF:2,5
ecb5520d-1358-434c-95ec-93687ecd1396,CSHL051,churchlandlab,2020-02-05,1,,True,"probe00, probe01",2,True,"left, right",True,"left, right",DLC + Lightning Pose,253,"Isocortex, HPF, MB, TH",Isocortex:47; HPF:39; MB:38; TH:1,4
3663d82b-f197-4e8b-b299-7b803a155b84,CSHL052,churchlandlab,2020-02-17,3,,True,"probe00, probe01",2,True,"left, right",True,"left, right",DLC + Lightning Pose,223,"TH, Isocortex, HY, OLF, CNU, CTXsp",TH:92; Isocortex:43; HY:14; OLF:6; CNU:2; CTXsp:1,6
85dc2ebd-8aaf-46b0-9284-a197aee8b16f,CSHL052,churchlandlab,2020-02-18,2,,True,probe00,1,True,"body, left, right",True,"body, left, right",DLC + Lightning Pose,141,"MB, Isocortex, HPF",MB:70; Isocortex:57; HPF:16,3
5386aba9-9b97-4557-abcd-abc2da66b863,CSHL052,churchlandlab,2020-02-19,2,,True,probe00,1,True,"left, right",True,"left, right",DLC + Lightning Pose,133,TH,TH:59,1
83e77b4b-dfa0-4af9-968b-7ea0c7a0c7e4,CSHL052,churchlandlab,2020-02-20,1,,True,"probe00, probe01",2,True,"left, right",True,"left, right",DLC + Lightning Pose,225,"TH, HPF, HY",TH:45; HPF:44; HY:6,3
4b00df29-3769-43be-bb40-128b1cba6d35,CSHL052,churchlandlab,2020-02-21,1,,True,"probe00, probe01",2,True,"left, right",True,"left, right",DLC + Lightning Pose,250,"TH, HPF",TH:95; HPF:14,2
12dc8b34-b18e-4cdd-90a9-da134a9be79c,CSHL053,churchlandlab,2020-01-29,1,,True,probe00,1,True,"left, right",True,"left, right",DLC + Lightning Pose,130,"Isocortex, HPF, TH",Isocortex:16; HPF:3; TH:1,3
0deb75fb-9088-42d9-b744-012fb8fc4afb,CSHL053,churchlandlab,2020-01-30,1,,True,probe00,1,True,"left, right",True,"left, right",DLC + Lightning Pose,135,"Isocortex, TH, HPF",Isocortex:34; TH:17; HPF:12,3
eef82e27-c20e-48da-b4b7-c443031649e3,CSHL053,churchlandlab,2020-02-01,1,,True,probe00,1,True,"left, right",True,"left, right",DLC + Lightning Pose,133,CB,CB:137,1
810b1e07-009e-4ebe-930a-915e4cd8ece4,CSHL053,churchlandlab,2020-02-02,2,,True,"probe00, probe01",2,True,"left, right",True,"left, right",DLC + Lightning Pose,224,"CB, HB, MB",CB:207; HB:72; MB:45,3
a71175be-d1fd-47a3-aa93-b830ea3634a1,CSHL054,churchlandlab,2020-02-11,1,,True,"probe00, probe01",2,True,"left, right",True,"left, right",DLC + Lightning Pose,223,"MB, Isocortex, HB, HPF",MB:94; Isocortex:22; HB:1; HPF:1,4
0cbeae00-e229-4b7d-bdcc-1b0569d7e0c3,CSHL055,churchlandlab,2020-02-17,1,,True,"probe00, probe01",2,True,"left, right",True,"left, right",DLC + Lightning Pose,224,"TH, CNU, Isocortex, HPF, CTXsp, HY",TH:55; CNU:43; Isocortex:26; HPF:23; CTXsp:7; HY:5,6
f312aaec-3b6f-44b3-86b4-3a0c119c0438,CSHL058,churchlandlab,2020-07-07,1,,True,"probe00, probe01",2,True,"left, right",True,"left, right",DLC + Lightning Pose,248,"TH, Isocortex, HPF, MB",TH:98; Isocortex:56; HPF:19; MB:7,4
fb70ebf7-8175-42b0-9b7a-7c6e8612226e,CSHL058,churchlandlab,2020-07-08,1,,True,"probe00, probe01",2,True,"left, right",True,"left, right",DLC + Lightning Pose,221,"Isocortex, OLF, CNU",Isocortex:168; OLF:83; CNU:16,3
28741f91-c837-4147-939e-918d38d849f2,CSHL058,churchlandlab,2020-07-11,3,,True,"probe00, probe01",2,True,"left, right",True,"left, right",DLC + Lightning Pose,221,"Isocortex, CNU, OLF",Isocortex:53; CNU:35; OLF:21,3
d2f5a130-b981-4546-8858-c94ae1da75ff,CSHL059,churchlandlab,2020-03-03,1,,True,"probe00, probe01",2,True,"left, right",True,"left, right",DLC + Lightning Pose,225,"Isocortex, CNU, OLF",Isocortex:100; CNU:57; OLF:1,3
57b5ae8f-d446-4161-b439-b191c5e3e77b,CSHL059,churchlandlab,2020-03-05,1,,True,"probe00, probe01",2,True,"left, right",True,"left, right",DLC + Lightning Pose,224,"Isocortex, CNU",Isocortex:54; CNU:38,2
dda5fc59-f09a-4256-9fb5-66c67667a466,CSHL059,churchlandlab,2020-03-06,1,,True,"probe00, probe01",2,True,"left, right",True,"left, right",DLC + Lightning Pose,251,"Isocortex, TH, MB, HPF",Isocortex:64; TH:50; MB:41; HPF:29,4
d16a9a8d-5f42-4b49-ba58-1746f807fcc1,CSHL059,churchlandlab,2020-03-07,2,,True,probe01,1,True,"left, right",True,"left, right",DLC + Lightning Pose,133,CTXsp,CTXsp:3,1
37e96d0b-5b4b-4c6e-9b29-7edbdc94bbd0,CSHL059,churchlandlab,2020-03-08,1,,True,"probe00, probe01",2,True,"left, right",True,"left, right",DLC + Lightning Pose,224,"CNU, HPF, MB, OLF, TH",CNU:97; HPF:51; MB:22; OLF:20; TH:2,5
2e6e179c-fccc-4e8f-9448-ce5b6858a183,CSHL060,churchlandlab,2020-03-09,2,,True,"probe00, probe01",2,True,"left, right",True,"left, right",DLC + Lightning Pose,221,"Isocortex, HB, OLF, CB",Isocortex:121; HB:26; OLF:10; CB:7,4
1191f865-b10a-45c8-9c48-24a980fd9402,CSHL060,churchlandlab,2020-03-11,4,,True,"probe00, probe01",2,True,"left, right",True,"left, right",DLC + Lightning Pose,224,"Isocortex, OLF, HB, CB, CNU",Isocortex:182; OLF:34; HB:17; CB:16; CNU:2,5
f10efe41-0dc0-44d0-8f26-5ff68dca23e9,CSHL060,churchlandlab,2020-03-12,1,,True,"probe00, probe01",2,True,"left, right",True,"left, right",DLC + Lightning Pose,224,"CB, HB",CB:287; HB:119,2
6364ff7f-6471-415a-ab9e-632a12052690,CSHL060,churchlandlab,2020-03-14,3,,True,probe01,1,True,"left, right",True,"left, right",DLC + Lightning Pose,132,"CNU, HY",CNU:90; HY:28,2
7be8fec4-406b-4e74-8548-d2885dcc3d5e,CSHL060,churchlandlab,2020-03-15,1,,True,"probe00, probe01",2,True,"left, right",True,"left, right",DLC + Lightning Pose,224,"CNU, HB, HPF, Isocortex, MB, HY",CNU:99; HB:28; HPF:26; Isocortex:8; MB:8; HY:7,6
7dd27c2f-9544-448d-918d-be0f9837b0e0,MFD_05,churchlandlab_ucla,2023-08-15,1,,True,probe00,1,True,"left, right",True,"left, right",DLC + Lightning Pose,140,"HB, MB, Isocortex",HB:91; MB:46; Isocortex:4,3
ca4ecb4c-4b60-4723-9b9e-2c54a6290a53,MFD_05,churchlandlab_ucla,2023-08-16,1,,True,probe00,1,True,"left, right",True,"left, right",DLC + Lightning Pose,160,"MB, HPF, Isocortex",MB:49; HPF:44; Isocortex:40,3
004d8fd5-41e7-4f1b-a45b-0d4ad76fe446,MFD_05,churchlandlab_ucla,2023-08-17,1,,True,probe00,1,True,"left, right",True,"left, right",DLC + Lightning Pose,140,"HB, CB",HB:87; CB:49,2
35eeb752-8f4f-4040-9714-ba0f5b7ccdfe,MFD_06,churchlandlab_ucla,2023-08-22,1,,True,probe00,1,True,"left, right",True,"left, right",DLC + Lightning Pose,139,"MB, HB",MB:115; HB:26,2
97c1d08d-57b4-4595-8052-91eb84ebfd74,MFD_06,churchlandlab_ucla,2023-08-23,1,,True,probe00,1,True,"left, right",True,"left, right",DLC + Lightning Pose,137,"HB, MB",HB:78; MB:58,2
a1782f4f-86b0-480c-a7f2-3d8f1ab482ab,MFD_06,churchlandlab_ucla,2023-08-24,1,,True,probe00,1,True,"left, right",True,"left, right",DLC + Lightning Pose,138,"HB, MB, HPF",HB:92; MB:7; HPF:6,3
3f71aa98-08c6-4e79-b4c8-00eae4f03eff,MFD_06,churchlandlab_ucla,2023-08-25,1,,True,probe00,1,True,"left, right",True,"left, right",DLC + Lightning Pose,142,HPF,HPF:142,1
c46b8def-620d-4d70-9397-be5694255f73,MFD_07,churchlandlab_ucla,2023-08-29,1,,True,probe00,1,True,"left, right",True,"left, right",DLC + Lightning Pose,141,"CB, MB",CB:139; MB:87,2
15b69921-d471-4ded-8814-2adad954bcd8,MFD_07,churchlandlab_ucla,2023-08-31,1,,True,probe00,1,True,"left, right",True,"left, right",DLC + Lightning Pose,166,"TH, Isocortex, HPF",TH:69; Isocortex:33; HPF:25,3
11163613-a6c9-4975-9586-84dc00481547,MFD_07,churchlandlab_ucla,2023-09-01,1,,True,probe00,1,True,"left, right",True,"left, right",DLC + Lightning Pose,142,"MB, HB",MB:72; HB:54,2
5ae68c54-2897-4d3a-8120-426150704385,MFD_08,churchlandlab_ucla,2023-09-07,1,,True,probe00,1,True,"left, right",True,"left, right",DLC + Lightning Pose,166,"MB, Isocortex, HPF",MB:96; Isocortex:17; HPF:16,3
a7eba2cf-427f-4df9-879b-e53e962eae18,MFD_08,churchlandlab_ucla,2023-09-08,1,,True,probe00,1,True,"left, right",True,"left, right",DLC + Lightning Pose,138,"HB, CB",HB:168; CB:107,2
ebce500b-c530-47de-8cb1-963c552703ea,MFD_09,churchlandlab_ucla,2023-10-19,1,,True,probe00,1,True,"body, left, right",True,"body, left, right",DLC + Lightning Pose,170,"TH, Isocortex, HPF",TH:205; Isocortex:64; HPF:13,3
d57df551-6dcb-4242-9c72-b806cff5613a,UCLA005,churchlandlab_ucla,2021-08-02,1,,True,probe00,1,True,"left, right",True,"left, right",DLC + Lightning Pose,153,"MB, HPF",MB:37; HPF:14,2
19e66dc9-bf9f-430b-9d6a-acfa85de6fb7,UCLA006,churchlandlab_ucla,2021-12-08,1,,True,probe00,1,True,"left, right",True,"left, right",DLC + Lightning Pose,140,"TH, Isocortex, HPF",TH:223; Isocortex:75; HPF:13,3
824cf03d-4012-4ab1-b499-c83a92c5589e,UCLA011,churchlandlab_ucla,2021-07-20,1,,True,probe00,1,True,"left, right",True,"left, right",DLC + Lightning Pose,154,"TH, HPF, Isocortex, HY",TH:46; HPF:12; Isocortex:3; HY:1,4
1f095590-6669-46c9-986b-ccaf0620c5e9,UCLA012,churchlandlab_ucla,2021-07-07,2,,True,probe01,1,True,"left, right",True,"left, right",DLC + Lightning Pose,124,TH,TH:98,1
03d9a098-07bf-4765-88b7-85f8d8f620cc,UCLA014,churchlandlab_ucla,2021-08-18,1,,True,probe00,1,True,"left, right",True,"left, right",DLC + Lightning Pose,153,"MB, HPF",MB:90; HPF:5,2
0c828385-6dd6-4842-a702-c5075f5f5e81,UCLA015,churchlandlab_ucla,2022-03-31,1,,True,probe00,1,True,right,True,"left, right",DLC + Lightning Pose,152,"MB, TH, Isocortex, HPF",MB:61; TH:29; Isocortex:24; HPF:17,4
bb099402-fb31-4cfd-824e-1c97530a0875,UCLA017,churchlandlab_ucla,2021-11-16,2,,True,probe00,1,True,"left, right",True,"left, right",DLC + Lightning Pose,155,"MB, Isocortex, HPF",MB:139; Isocortex:49; HPF:27,3
7f5df7eb-cf36-4589-a20a-14b535441142,UCLA030,churchlandlab_ucla,2022-05-03,1,,True,probe00,1,True,"left, right",True,"left, right",DLC + Lightning Pose,138,Isocortex,Isocortex:343,1
111c1762-7908-47e0-9f40-2f2ee55b6505,UCLA033,churchlandlab_ucla,2022-02-15,1,,True,"probe00, probe01",2,True,"left, right",True,"left, right",DLC + Lightning Pose,259,"MB, HPF, Isocortex",MB:164; HPF:105; Isocortex:72,3
5455a21c-1be7-4cae-ae8e-8853a8d5f55e,UCLA033,churchlandlab_ucla,2022-02-17,1,,True,probe00,1,True,"left, right",True,"left, right",DLC + Lightning Pose,144,"Isocortex, HPF",Isocortex:49; HPF:10,2
32d27583-56aa-4510-bc03-669036edad20,UCLA033,churchlandlab_ucla,2022-02-24,1,,True,probe00,1,True,"left, right",True,"left, right",DLC + Lightning Pose,144,"HB, CB, MB",HB:144; CB:11; MB:2,3
8a3a0197-b40a-449f-be55-c00b23253bbf,UCLA034,churchlandlab_ucla,2022-01-25,1,,True,"probe00, probe01",2,True,"left, right",True,"left, right",DLC + Lightning Pose,256,"MB, HPF, TH, Isocortex",MB:241; HPF:53; TH:38; Isocortex:33,4
ebc9392c-1ecb-4b4b-a545-4e3d70d23611,UCLA034,churchlandlab_ucla,2022-01-26,1,,True,probe00,1,True,"left, right",True,"left, right",DLC + Lightning Pose,140,"CNU, Isocortex",CNU:185; Isocortex:74,2
19b44992-d527-4a12-8bda-aa11379cb08c,UCLA034,churchlandlab_ucla,2022-01-27,1,,True,"probe00, probe01",2,True,"left, right",True,"left, right",DLC + Lightning Pose,235,"MB, HB, CNU, OLF",MB:147; HB:59; CNU:33; OLF:1,4
3537d970-f515-4786-853f-23de525e110f,UCLA034,churchlandlab_ucla,2022-01-28,1,,True,probe00,1,True,"left, right",True,"left, right",DLC + Lightning Pose,145,"TH, Isocortex, HPF, HY",TH:131; Isocortex:52; HPF:35; HY:25,4
6f36868f-5cc1-450c-82fa-6b9829ce0cfe,UCLA035,churchlandlab_ucla,2022-02-18,1,,True,"probe00, probe01",2,True,"left, right",True,"left, right",DLC + Lightning Pose,235,"Isocortex, CNU",Isocortex:84; CNU:51,2
f99ac31f-171b-4208-a55d-5644c0ad51c3,UCLA035,churchlandlab_ucla,2022-02-24,1,,True,"probe00, probe01",2,True,"left, right",True,"left, right",DLC + Lightning Pose,231,"OLF, Isocortex, CNU",OLF:156; Isocortex:144; CNU:12,3
e2b845a1-e313-4a08-bc61-a5f662ed295e,UCLA036,churchlandlab_ucla,2022-03-09,1,,True,"probe00, probe01",2,True,"left, right",True,"left, right",DLC + Lightning Pose,252,"MB, Isocortex, TH, HPF",MB:96; Isocortex:88; TH:56; HPF:44,4
2bdf206a-820f-402f-920a-9e86cd5388a4,UCLA037,churchlandlab_ucla,2022-02-02,1,,True,"probe00, probe01",2,True,"left, right",True,"left, right",DLC + Lightning Pose,262,"TH, MB, HPF, Isocortex",TH:133; MB:112; HPF:64; Isocortex:51,4
fa8ad50d-76f2-45fa-a52f-08fe3d942345,UCLA037,churchlandlab_ucla,2022-02-08,1,,True,probe00,1,True,"left, right",True,"left, right",DLC + Lightning Pose,140,"HY, TH",HY:5; TH:3,2
8d316998-28c3-4265-b029-e2ca82375b2f,UCLA037,churchlandlab_ucla,2022-02-09,1,,True,probe00,1,True,"left, right",True,"left, right",DLC + Lightning Pose,140,Isocortex,Isocortex:226,1
bda2faf5-9563-4940-a80f-ce444259e47b,UCLA037,churchlandlab_ucla,2022-02-10,1,,True,probe00,1,True,"left, right",True,"left, right",DLC + Lightning Pose,141,"HPF, Isocortex",HPF:135; Isocortex:57,2
91bac580-76ed-41ab-ac07-89051f8d7f6e,UCLA044,churchlandlab_ucla,2022-04-14,1,,True,probe00,1,True,right,True,right,DLC + Lightning Pose,149,"MB, HPF, Isocortex",MB:42; HPF:19; Isocortex:17,3
23c75e0b-05d8-452e-8efb-a3687ab94079,UCLA044,churchlandlab_ucla,2022-04-22,1,,True,probe00,1,True,"left, right",True,"left, right",DLC + Lightning Pose,141,CB,CB:121,1
dc962048-89bb-4e6a-96a9-b062a2be1426,UCLA048,churchlandlab_ucla,2022-08-16,1,,True,"probe00, probe01",2,True,"left, right",True,"left, right",DLC + Lightning Pose,255,"Isocortex, MB, HPF, TH",Isocortex:59; MB:46; HPF:34; TH:19,4
0841d188-8ef2-4f20-9828-76a94d5343a4,UCLA049,churchlandlab_ucla,2022-08-02,1,,True,"probe00, probe01",2,True,"left, right",True,"left, right",DLC + Lightning Pose,258,"MB, TH, HPF, Isocortex",MB:55; TH:31; HPF:25; Isocortex:10,4
8a1cf4ef-06e3-4c72-9bc7-e1baa189841b,UCLA049,churchlandlab_ucla,2022-08-12,1,,True,"probe00, probe01",2,True,"left, right",True,"left, right",DLC + Lightning Pose,231,"Isocortex, CNU, HPF",Isocortex:96; CNU:50; HPF:38,3
687017d4-c9fc-458f-a7d5-0979fe1a7470,UCLA052,churchlandlab_ucla,2022-07-12,1,,True,probe00,1,True,"left, right",True,"left, right",DLC + Lightning Pose,168,"MB, Isocortex, HPF",MB:40; Isocortex:26; HPF:18,3
16693458-0801-4d35-a3f1-9115c7e5acfd,KS014,cortexlab,2019-12-03,1,,True,"probe00, probe01",2,True,"left, right",True,"left, right",DLC + Lightning Pose,231,"MB, Isocortex",MB:226; Isocortex:40,2
e1931de1-cf7b-49af-af33-2ade15e8abe7,KS014,cortexlab,2019-12-05,1,,True,"probe00, probe01",2,True,"left, right",True,"left, right",DLC + Lightning Pose,229,"MB, Isocortex, HPF",MB:141; Isocortex:11; HPF:3,3
b9c205c3-feac-485b-a89d-afc96d9cb280,KS014,cortexlab,2019-12-07,1,,True,probe00,1,True,"left, right",True,"left, right",DLC + Lightning Pose,134,"MB, HPF",MB:86; HPF:10,2
6cf2a88a-515b-4f7f-89a2-7d53eab9b5f4,KS016,cortexlab,2019-12-05,1,,True,"probe00, probe01",2,True,"left, right",True,"left, right",DLC + Lightning Pose,229,"TH, MB, HPF, HY, Isocortex",TH:37; MB:24; HPF:16; HY:6; Isocortex:1,5
16c3667b-e0ea-43fb-9ad4-8dcd1e6c40e1,KS016,cortexlab,2019-12-08,1,,True,"probe00, probe01",2,True,"left, right",True,"left, right",DLC + Lightning Pose,231,"MB, HB",MB:76; HB:30,2
dd87e278-999d-478b-8cbd-b5bf92b84763,KS016,cortexlab,2019-12-09,1,,True,"probe00, probe01",2,True,"left, right",True,"left, right",DLC + Lightning Pose,225,"MB, HB",MB:103; HB:41,2
15f742e1-1043-45c9-9504-f1e8a53c1744,KS022,cortexlab,2019-12-09,1,,True,"probe00, probe01",2,True,"left, right",True,"left, right",DLC + Lightning Pose,231,"MB, TH, HPF, HY, HB",MB:33; TH:30; HPF:21; HY:4; HB:1,5
a4000c2f-fa75-4b3e-8f06-a7cf599b87ad,KS023,cortexlab,2019-12-06,1,,True,"probe00, probe01",2,True,"left, right",True,"left, right",DLC + Lightning Pose,225,"CNU, Isocortex, TH, CTXsp, HY, OLF",CNU:58; Isocortex:58; TH:58; CTXsp:18; HY:11; OLF:6,6
cc45c568-c3b9-4f74-836e-c87762e898c8,KS023,cortexlab,2019-12-07,1,,True,"probe00, probe01",2,True,"left, right",True,"left, right",DLC + Lightning Pose,225,"CNU, Isocortex, MB, TH, HY, HPF",CNU:60; Isocortex:60; MB:53; TH:27; HY:12; HPF:5,6
a92c4b1d-46bd-457e-a1f4-414265f0e2d4,KS023,cortexlab,2019-12-08,1,,True,"probe00, probe01",2,True,"left, right",True,"left, right",DLC + Lightning Pose,226,"CNU, Isocortex, MB, TH, HPF",CNU:47; Isocortex:36; MB:33; TH:4; HPF:2,5
aad23144-0e52-4eac-80c5-c4ee2decb198,KS023,cortexlab,2019-12-10,1,,True,"probe00, probe01",2,True,"body, left, right",True,"left, right",DLC + Lightning Pose,291,"Isocortex, CNU, TH, OLF, HPF",Isocortex:149; CNU:43; TH:39; OLF:20; HPF:19,5
8c552ddc-813e-4035-81cc-3971b57efe65,KS042,cortexlab,2020-11-23,1,,True,"probe00, probe01",2,True,"body, left, right",True,"body, left, right",DLC + Lightning Pose,239,"Isocortex, MB, OLF, CNU, CTXsp",Isocortex:46; MB:43; OLF:32; CNU:13; CTXsp:11,5
07dc4b76-5b93-4a03-82a0-b3d9cc73f412,KS042,cortexlab,2020-11-24,1,,True,"probe00, probe01",2,True,"body, left, right",True,"body, left, right",DLC + Lightning Pose,243,"MB, Isocortex",MB:167; Isocortex:34,2
9468fa93-21ae-4984-955c-e8402e280c83,KS043,cortexlab,2020-12-06,1,,True,"probe00, probe01",2,True,"body, left, right",True,"body, left, right",DLC + Lightning Pose,239,"HB, Isocortex, CNU, TH, CB",HB:76; Isocortex:40; CNU:16; TH:16; CB:5,5
e5c75b62-6871-4135-b3d0-f6464c2d90c0,KS043,cortexlab,2020-12-07,1,,True,"probe00, probe01",2,True,"body, left, right",True,"body, left, right",DLC + Lightning Pose,239,"CB, MB, Isocortex, HPF",CB:33; MB:27; Isocortex:20; HPF:7,4
a6fe44a8-07ab-49b8-81f9-e18575aa85cc,KS044,cortexlab,2020-12-07,1,,True,"probe00, probe01",2,True,"body, left, right",True,"body, left, right",DLC + Lightning Pose,239,"MB, HB",MB:61; HB:58,2
781b35fd-e1f0-4d14-b2bb-95b7263082bb,KS044,cortexlab,2020-12-09,1,,True,"probe00, probe01",2,True,"body, left, right",True,"body, left, right",DLC + Lightning Pose,269,"TH, Isocortex, CNU, HPF, OLF, CTXsp, HY",TH:114; Isocortex:27; CNU:24; HPF:10; OLF:9; CTXsp:7; HY:1,7
571d3ffe-54a5-473d-a265-5dc373eb7efc,KS045,cortexlab,2020-12-06,2,,True,"probe00, probe01",2,False,,False,,Neither,213,"CB, HB, MB",CB:85; HB:52; MB:28,3
0ac8d013-b91e-4732-bc7b-a1164ff3e445,KS046,cortexlab,2020-12-02,1,,True,"probe00, probe01",2,True,"body, left, right",True,"body, left, right",DLC + Lightning Pose,243,"Isocortex, HPF",Isocortex:92; HPF:2,2
69c9a415-f7fa-4208-887b-1417c1479b48,KS046,cortexlab,2020-12-03,1,,True,"probe00, probe01",2,True,"body, left, right",True,"body, left, right",DLC + Lightning Pose,243,"Isocortex, CNU, CTXsp, HPF, OLF",Isocortex:88; CNU:47; CTXsp:30; HPF:13; OLF:1,5
dfbe628d-365b-461c-a07f-8b9911ba83aa,KS046,cortexlab,2020-12-04,1,,True,"probe00, probe01",2,True,"body, left, right",True,"body, left, right",DLC + Lightning Pose,239,"Isocortex, OLF",Isocortex:277; OLF:74,2
aa3432cd-62bd-40bc-bc1c-a12d53bcbdcf,KS046,cortexlab,2020-12-05,1,,True,"probe00, probe01",2,True,"body, left, right",True,"body, left, right",DLC + Lightning Pose,239,"Isocortex, HPF, MB, OLF",Isocortex:110; HPF:25; MB:17; OLF:6,4
0a018f12-ee06-4b11-97aa-bbbff5448e9f,KS051,cortexlab,2021-05-11,1,,True,probe00,1,True,"body, left, right",True,"body, left, right",DLC + Lightning Pose,177,"TH, Isocortex, HPF",TH:86; Isocortex:26; HPF:12,3
4503697e-af44-47d9-898d-4924be990240,KS051,cortexlab,2021-05-12,1,,True,probe01,1,True,"body, left, right",True,"body, left, right",DLC + Lightning Pose,152,CNU,CNU:22,1
7082d8ff-255a-47d7-a839-bf093483ec30,KS051,cortexlab,2021-05-13,1,,True,"probe00, probe01",2,False,,False,,Neither,213,"Isocortex, TH, CNU",Isocortex:44; TH:16; CNU:15,3
ac7d3064-7f09-48a3-88d2-e86a4eb86461,KS052,cortexlab,2021-05-13,1,,True,"probe00, probe01",2,False,,False,,Neither,209,"Isocortex, OLF",Isocortex:76; OLF:15,2
b22f694e-4a34-4142-ab9d-2556c3487086,KS055,cortexlab,2021-05-02,1,,True,"probe00, probe01",2,True,"body, left, right",True,"body, left, right",DLC + Lightning Pose,290,"HPF, Isocortex, MB",HPF:146; Isocortex:100; MB:25,3
872ce8ff-9fb3-485c-be00-bc5479e0095b,KS055,cortexlab,2021-05-03,1,,True,"probe00, probe01",2,False,,False,,Neither,209,"HPF, Isocortex",HPF:258; Isocortex:67,2
1b715600-0cbc-442c-bd00-5b0ac2865de1,KS084,cortexlab,2022-01-31,1,,True,"probe00, probe01",2,True,"body, left, right",True,"body, left, right",DLC + Lightning Pose,267,"TH, Isocortex, HPF, HY",TH:101; Isocortex:12; HPF:11; HY:6,4
e45481fa-be22-4365-972c-e7404ed8ab5a,KS086,cortexlab,2022-03-15,1,,True,"probe00, probe01",2,True,"body, left, right",True,"body, left, right",DLC + Lightning Pose,261,"OLF, Isocortex, CNU, HPF, CTXsp, MB, TH",OLF:66; Isocortex:39; CNU:35; HPF:17; CTXsp:2; MB:2; TH:2,7
ffef0311-8ffa-49e3-a857-b3adf6d86e12,KS086,cortexlab,2022-03-16,1,,True,probe00,1,True,"body, left, right",True,"body, left, right",DLC + Lightning Pose,146,"CNU, Isocortex, OLF, CTXsp",CNU:57; Isocortex:18; OLF:9; CTXsp:2,4
78b4fff5-c5ec-44d9-b5f9-d59493063f00,KS091,cortexlab,2022-07-04,1,,True,"probe00, probe01",2,True,"body, left, right",True,"body, left, right",DLC + Lightning Pose,243,"Isocortex, CTXsp, HPF, OLF, TH",Isocortex:58; CTXsp:18; HPF:14; OLF:13; TH:13,5
196a2adf-ff83-49b2-823a-33f990049c2e,KS091,cortexlab,2022-07-05,1,,True,"probe00, probe01",2,True,left,True,left,DLC + Lightning Pose,223,"Isocortex, CNU, CTXsp, TH, HPF, OLF",Isocortex:55; CNU:26; CTXsp:12; TH:8; HPF:3; OLF:1,6
6b0b5d24-bcda-4053-a59c-beaa1fe03b8f,KS094,cortexlab,2022-06-15,1,,True,"probe00, probe01",2,True,"body, left, right",True,"body, left, right",DLC + Lightning Pose,243,"Isocortex, OLF",Isocortex:92; OLF:26,2
752456f3-9f47-4fbf-bd44-9d131c0f41aa,KS094,cortexlab,2022-06-16,1,,True,"probe00, probe01",2,True,"body, left, right",True,"body, left, right",DLC + Lightning Pose,243,"Isocortex, OLF, HPF",Isocortex:78; OLF:18; HPF:3,3
3f859b5c-e73a-4044-b49e-34bb81e96715,KS094,cortexlab,2022-06-17,1,,True,"probe00, probe01",2,True,"body, left, right",True,"body, left, right",DLC + Lightning Pose,268,"Isocortex, TH, HPF",Isocortex:149; TH:99; HPF:20,3
c8d46ee6-eb68-4535-8756-7c9aa32f10e4,KS094,cortexlab,2022-06-20,1,,True,probe00,1,True,"body, left, right",True,"body, left, right",DLC + Lightning Pose,148,"Isocortex, OLF",Isocortex:127; OLF:4,2
1b9e349e-93f2-41cc-a4b5-b212d7ddc8df,KS096,cortexlab,2022-06-15,1,,True,"probe00, probe01",2,True,"body, left, right",True,"body, left, right",DLC + Lightning Pose,242,"MB, CB, HB",MB:117; CB:49; HB:33,3
f819d499-8bf7-4da0-a431-15377a8319d5,KS096,cortexlab,2022-06-16,1,,True,"probe00, probe01",2,True,"body, left, right",True,"body, left, right",DLC + Lightning Pose,235,"CB, MB, Isocortex",CB:60; MB:46; Isocortex:39,3
8928f98a-b411-497e-aa4b-aa752434686d,KS096,cortexlab,2022-06-17,1,,True,"probe00, probe01",2,True,"body, left, right",True,"body, left, right",DLC + Lightning Pose,263,"TH, CB, Isocortex, HB, HPF",TH:109; CB:40; Isocortex:32; HB:31; HPF:25,5
446f4724-1690-49f9-819a-2bd8e2ea88ce,KS096,cortexlab,2022-06-20,1,,True,probe00,1,True,"body, left, right",True,"body, left, right",DLC + Lightning Pose,152,HPF,HPF:79,1
a2701b93-d8e1-47e9-a819-f1063046f3e7,KS096,cortexlab,2022-06-21,1,,True,probe00,1,True,"body, left, right",True,"body, left, right",DLC + Lightning Pose,148,"HPF, CTXsp",HPF:21; CTXsp:1,2
0f25376f-2b78-4ddc-8c39-b6cdbe7bf5b9,DY_008,danlab,2020-03-03,1,,True,probe00,1,True,"left, right",True,"left, right",DLC + Lightning Pose,143,"TH, Isocortex, HPF",TH:122; Isocortex:24; HPF:21,3
ee13c19e-2790-4418-97ca-48f02e8013bb,DY_008,danlab,2020-03-04,1,,True,probe00,1,True,"left, right",True,"left, right",DLC + Lightning Pose,143,"TH, CNU, Isocortex",TH:29; CNU:17; Isocortex:12,3
db4df448-e449-4a6f-a0e7-288711e7a75a,DY_009,danlab,2020-02-27,1,,True,probe00,1,True,"left, right",True,"left, right",DLC + Lightning Pose,168,"TH, HPF, Isocortex, HY, MB",TH:62; HPF:27; Isocortex:10; HY:9; MB:9,5
3dd347df-f14e-40d5-9ff2-9c49f84d2157,DY_009,danlab,2020-02-29,1,,True,probe00,1,True,"left, right",True,"left, right",DLC + Lightning Pose,144,"MB, Isocortex, HPF",MB:60; Isocortex:30; HPF:17,3
3c851386-e92d-4533-8d55-89a46f0e7384,DY_009,danlab,2020-03-02,1,,True,probe00,1,True,"left, right",True,"left, right",DLC + Lightning Pose,147,"HPF, Isocortex",HPF:38; Isocortex:28,2
158d5d35-a2ab-4a76-87b0-51048c5d5283,DY_009,danlab,2020-03-03,1,,True,probe00,1,True,"left, right",True,"left, right",DLC + Lightning Pose,145,"MB, HPF, Isocortex",MB:51; HPF:46; Isocortex:4,3
30e5937e-e86a-47e6-93ae-d2ae3877ff8e,DY_009,danlab,2020-03-04,1,,True,probe00,1,True,"left, right",True,"left, right",DLC + Lightning Pose,145,"MB, HB",MB:109; HB:1,2
413a6825-2144-4a50-b3fc-cf38ddd6fd1a,DY_009,danlab,2020-03-05,1,,True,probe00,1,True,"left, right",True,"left, right",DLC + Lightning Pose,146,"Isocortex, HPF, HB",Isocortex:25; HPF:13; HB:5,3
a19c7a3a-7261-42ce-95d5-1f4ca46007ed,DY_009,danlab,2020-03-06,1,,True,probe00,1,True,"left, right",True,"left, right",DLC + Lightning Pose,143,"MB, Isocortex, HB, HPF",MB:27; Isocortex:16; HB:9; HPF:6,4
e5c772cd-9c92-47ab-9525-d618b66a9b5d,DY_009,danlab,2020-03-07,1,,True,probe00,1,True,"left, right",True,"left, right",DLC + Lightning Pose,140,"CB, HB",CB:51; HB:49,2
6668c4a0-70a4-4012-a7da-709660971d7a,DY_009,danlab,2020-03-09,1,,True,probe00,1,True,"left, right",True,"left, right",DLC + Lightning Pose,145,"CB, HB",CB:201; HB:95,2
4fa70097-8101-4f10-b585-db39429c5ed0,DY_010,danlab,2020-01-21,1,,True,probe00,1,True,"left, right",True,"left, right",DLC + Lightning Pose,147,"TH, Isocortex, HPF",TH:89; Isocortex:9; HPF:5,3
90d1e82c-c96f-496c-ad4e-ee3f02067f25,DY_010,danlab,2020-01-23,1,,True,probe00,1,True,"left, right",True,"left, right",DLC + Lightning Pose,141,"MB, Isocortex, HPF",MB:62; Isocortex:28; HPF:12,3
bb6a5aae-2431-401d-8f6a-9fdd6de655a9,DY_010,danlab,2020-01-24,1,,True,probe00,1,True,"left, right",True,"left, right",DLC + Lightning Pose,140,"TH, Isocortex, HPF",TH:61; Isocortex:21; HPF:7,3
931a70ae-90ee-448e-bedb-9d41f3eda647,DY_010,danlab,2020-01-28,1,,True,probe00,1,True,"left, right",True,"left, right",DLC + Lightning Pose,142,"TH, Isocortex, HPF, HY",TH:48; Isocortex:43; HPF:13; HY:3,4
02fbb6da-3034-47d6-a61b-7d06c796a830,DY_010,danlab,2020-01-29,1,,True,probe00,1,True,"left, right",True,"left, right",DLC + Lightning Pose,143,"TH, Isocortex, HPF",TH:49; Isocortex:29; HPF:10,3
7bee9f09-a238-42cf-b499-f51f765c6ded,DY_011,danlab,2020-01-31,1,,True,probe00,1,True,"left, right",True,"left, right",DLC + Lightning Pose,144,"CNU, Isocortex",CNU:57; Isocortex:25,2
36280321-555b-446d-9b7d-c2e17991e090,DY_011,danlab,2020-02-01,1,,True,probe00,1,True,"left, right",True,"left, right",DLC + Lightning Pose,144,"Isocortex, CNU",Isocortex:29; CNU:26,2
741979ce-3f10-443a-8526-2275620c8473,DY_011,danlab,2020-02-07,1,,True,probe00,1,True,"left, right",True,"left, right",DLC + Lightning Pose,147,"TH, Isocortex",TH:34; Isocortex:24,2
cf43dbb1-6992-40ec-a5f9-e8e838d0f643,DY_011,danlab,2020-02-08,1,,True,probe00,1,True,"left, right",True,"left, right",DLC + Lightning Pose,144,"Isocortex, TH, HPF",Isocortex:20; TH:12; HPF:1,3
2f63c555-eb74-4d8d-ada5-5c3ecf3b46be,DY_013,danlab,2020-03-06,1,,True,probe00,1,True,"left, right",True,"left, right",DLC + Lightning Pose,144,"CB, HB",CB:32; HB:2,2
9a629642-3a9c-42ed-b70a-532db0e86199,DY_013,danlab,2020-03-07,1,,True,probe00,1,True,"left, right",True,"left, right",DLC + Lightning Pose,137,"TH, Isocortex",TH:114; Isocortex:13,2
e535fb62-e245-4a48-b119-88ce62a6fe67,DY_013,danlab,2020-03-12,1,,True,"probe00, probe01",2,True,"left, right",True,"left, right",DLC + Lightning Pose,257,"MB, CNU, Isocortex, HPF",MB:49; CNU:23; Isocortex:10; HPF:7,4
f25642c6-27a5-4a97-9ea0-06652db79fbd,DY_014,danlab,2020-07-13,1,,True,"probe00, probe01",2,True,"left, right",True,"left, right",DLC + Lightning Pose,227,"TH, OLF, Isocortex",TH:55; OLF:50; Isocortex:30,3
4720c98a-a305-4fba-affb-bbfa00a724a4,DY_014,danlab,2020-07-14,1,,True,"probe00, probe01",2,True,"left, right",True,"left, right",DLC + Lightning Pose,234,"CNU, TH, Isocortex, HY",CNU:81; TH:60; Isocortex:28; HY:1,4
7622da34-51b6-4661-98ae-a57d40806008,DY_014,danlab,2020-07-15,1,,True,"probe00, probe01",2,True,"left, right",True,"left, right",DLC + Lightning Pose,233,"TH, Isocortex, CNU",TH:20; Isocortex:12; CNU:10,3
b658bc7d-07cd-4203-8a25-7b16b549851b,DY_014,danlab,2020-07-16,1,,True,"probe00, probe01",2,True,"left, right",True,"left, right",DLC + Lightning Pose,228,"CNU, Isocortex, HY",CNU:99; Isocortex:24; HY:16,3
bd456d8f-d36e-434a-8051-ff3997253802,DY_014,danlab,2020-07-17,1,,True,"probe00, probe01",2,True,"left, right",True,"left, right",DLC + Lightning Pose,230,"TH, CNU, Isocortex",TH:80; CNU:74; Isocortex:70,3
ee8b36de-779f-4dea-901f-e0141c95722b,DY_014,danlab,2020-07-18,1,,True,"probe00, probe01",2,True,"left, right",True,"left, right",DLC + Lightning Pose,227,"CNU, Isocortex",CNU:143; Isocortex:71,2
b39752db-abdb-47ab-ae78-e8608bbf50ed,DY_014,danlab,2020-07-19,1,,True,"probe00, probe01",2,True,"left, right",True,"left, right",DLC + Lightning Pose,227,"CNU, TH, HPF, Isocortex",CNU:83; TH:50; HPF:7; Isocortex:7,4
5339812f-8b91-40ba-9d8f-a559563cc46b,DY_016,danlab,2020-09-11,1,,True,"probe00, probe01",2,True,"body, left, right",True,"body, left, right",DLC + Lightning Pose,243,"HB, TH, CB, HPF, Isocortex, HY",HB:104; TH:104; CB:77; HPF:15; Isocortex:15; HY:6,6
d23a44ef-1402-4ed7-97f5-47e9a7a504d9,DY_016,danlab,2020-09-12,1,,True,"probe00, probe01",2,True,"body, left, right",True,"body, left, right",DLC + Lightning Pose,266,"HB, CB, TH, HPF, Isocortex",HB:158; CB:105; TH:83; HPF:20; Isocortex:8,5
c3d9b6fb-7fa9-4413-a364-92a54df0fc5d,DY_016,danlab,2020-09-13,1,,True,"probe00, probe01",2,True,"body, left, right",True,"body, left, right",DLC + Lightning Pose,235,"HB, CB, MB, HPF",HB:97; CB:46; MB:29; HPF:8,4
aa20388b-9ea3-4506-92f1-3c2be84b85db,DY_016,danlab,2020-09-14,1,,True,"probe00, probe01",2,True,"body, left, right",True,"body, left, right",DLC + Lightning Pose,235,"CNU, MB, OLF, HB, CTXsp",CNU:80; MB:57; OLF:25; HB:15; CTXsp:14,5
251ece37-7798-477c-8a06-2845d4aa270c,DY_016,danlab,2020-09-15,1,,True,"probe00, probe01",2,True,"body, left, right",True,"body, left, right",DLC + Lightning Pose,239,"CB, HB",CB:192; HB:2,2
54238fd6-d2d0-4408-b1a9-d19d24fd29ce,DY_018,danlab,2020-10-15,1,,True,"probe00, probe01",2,True,"body, left, right",True,"body, left, right",DLC + Lightning Pose,267,"TH, MB, HB, Isocortex, HPF, HY",TH:85; MB:57; HB:46; Isocortex:22; HPF:12; HY:3,6
e8b4fda3-7fe4-4706-8ec2-91036cfee6bd,DY_018,danlab,2020-10-17,1,,True,"probe00, probe01",2,True,"body, left, right",True,"body, left, right",DLC + Lightning Pose,235,"TH, HPF, HY, MB, Isocortex",TH:101; HPF:38; HY:21; MB:13; Isocortex:2,5
cde63527-7f5a-4cc3-8ac2-215d82e7da26,DY_018,danlab,2020-10-20,1,,True,"probe00, probe01",2,True,"body, left, right",True,"body, left, right",DLC + Lightning Pose,238,"HPF, Isocortex",HPF:40; Isocortex:40,2
4a45c8ba-db6f-4f11-9403-56e06a33dfa4,DY_020,danlab,2020-09-29,1,,True,"probe00, probe01",2,True,"body, left, right",True,"body, left, right",DLC + Lightning Pose,267,"MB, TH, Isocortex, HPF, HY",MB:179; TH:150; Isocortex:45; HPF:27; HY:4,5
f7335a49-4a98-46d2-a8ce-d041d2eac1d6,DY_020,danlab,2020-09-30,1,,True,"probe00, probe01",2,True,"body, left, right",True,"body, left, right",DLC + Lightning Pose,235,"TH, HPF, Isocortex, CNU",TH:177; HPF:38; Isocortex:20; CNU:1,4
9eec761e-9762-4897-b308-a3a08c311e69,DY_020,danlab,2020-10-01,1,,True,"probe00, probe01",2,True,"body, left, right",True,"body, left, right",DLC + Lightning Pose,235,"MB, HB, HPF",MB:144; HB:65; HPF:2,3
9fe512b8-92a8-4642-83b6-01158ab66c3c,DY_020,danlab,2020-10-02,1,,True,"probe00, probe01",2,True,"body, left, right",True,"body, left, right",DLC + Lightning Pose,238,"HB, MB, TH, HPF",HB:72; MB:57; TH:28; HPF:6,4
26aa51ff-968c-42e4-85c8-8ff47d19254d,DY_020,danlab,2020-10-03,1,,True,"probe00, probe01",2,True,"body, left, right",True,"body, left, right",DLC + Lightning Pose,239,"HB, MB, Isocortex",HB:116; MB:64; Isocortex:18,3
e012d3e3-fdbc-4661-9ffa-5fa284e4e706,DY_020,danlab,2020-10-04,1,,True,"probe00, probe01",2,True,"body, left, right",True,"body, left, right",DLC + Lightning Pose,238,"HB, MB, HPF",HB:102; MB:55; HPF:5,3
948fd27b-507b-41b3-bdf8-f9f5f0af8e0b,DY_020,danlab,2020-10-05,1,,True,"probe00, probe01",2,True,"body, left, right",True,"body, left, right",DLC + Lightning Pose,235,"TH, MB, CNU, HY, Isocortex",TH:75; MB:65; CNU:18; HY:3; Isocortex:1,5
2e22c1fc-eec6-4856-85a0-7dba8668f646,DY_020,danlab,2020-10-06,1,,True,"probe00, probe01",2,True,"body, left, right",True,"body, left, right",DLC + Lightning Pose,239,"CNU, HB, TH, CB",CNU:92; HB:70; TH:69; CB:14,4
64977c74-9c04-437a-9ea1-50386c4996db,PL015,hausserlab,2022-02-20,1,,True,probe00,1,True,"body, left, right",True,"body, left, right",DLC + Lightning Pose,149,"HPF, Isocortex, OLF, CTXsp",HPF:43; Isocortex:8; OLF:8; CTXsp:3,4
9a6e127b-bb07-4be2-92e2-53dd858c2762,PL015,hausserlab,2022-02-21,2,,True,probe00,1,True,"body, left, right",True,"body, left, right",DLC + Lightning Pose,142,"HPF, Isocortex",HPF:87; Isocortex:13,2
09156021-9a1d-4e1d-ae59-48cbde3c5d42,PL015,hausserlab,2022-02-22,1,,True,probe00,1,True,"body, left, right",True,"body, left, right",DLC + Lightning Pose,140,Isocortex,Isocortex:81,1
90e524a2-aa63-47ce-b5b8-1b1941a1223a,PL015,hausserlab,2022-02-23,1,,True,probe00,1,True,"body, left, right",True,"body, left, right",DLC + Lightning Pose,142,"MB, HB",MB:97; HB:37,2
1d4a7bd6-296a-48b9-b20e-bd0ac80750a5,PL015,hausserlab,2022-07-21,1,,True,probe00,1,True,"body, left, right",True,"body, left, right",DLC + Lightning Pose,154,"TH, HPF",TH:9; HPF:1,2
58c4bf97-ec3b-45b4-9db4-d5d9515d5b00,PL016,hausserlab,2022-01-17,1,,True,probe00,1,True,"body, left, right",True,"body, left, right",DLC + Lightning Pose,152,"MB, HB",MB:94; HB:51,2
10fac7a1-919d-4ca7-83c4-4675bd8d9416,PL017,hausserlab,2021-11-07,1,,True,probe00,1,True,"body, left, right",True,"body, left, right",DLC + Lightning Pose,142,"Isocortex, MB, HPF",Isocortex:54; MB:42; HPF:1,3
8b1f4024-3d96-4ee7-95f9-8a1dfd4ce4ef,PL017,hausserlab,2021-11-09,1,,True,probe00,1,True,"body, left, right",True,"body, left, right",DLC + Lightning Pose,142,"MB, HPF",MB:29; HPF:10,2
68775ca0-b056-48d5-b6ae-a4c2a76ae48f,PL017,hausserlab,2021-11-14,1,,True,probe00,1,True,"body, left, right",True,"body, left, right",DLC + Lightning Pose,149,"MB, HPF, Isocortex",MB:96; HPF:19; Isocortex:13,3
f27e6cd6-cdd3-4524-b8e3-8146046e2a7d,PL017,hausserlab,2021-11-15,1,,True,probe00,1,True,"body, left, right",True,"body, left, right",DLC + Lightning Pose,142,"TH, HY, MB, HPF",TH:67; HY:20; MB:15; HPF:5,4
d71e565d-4ddb-42df-849e-f99cfdeced52,PL017,hausserlab,2021-11-16,1,,True,"probe00, probe01",2,True,"body, left, right",True,"body, left, right",DLC + Lightning Pose,230,"TH, CB, HB, MB",TH:60; CB:43; HB:10; MB:1,4
1b61b7f2-a599-4e40-abd6-3e758d2c9e25,PL017,hausserlab,2021-11-30,1,,True,probe00,1,True,"body, left, right",True,"body, left, right",DLC + Lightning Pose,142,MB,MB:55,1
cea755db-4eee-4138-bdd6-fc23a572f5a1,PL017,hausserlab,2021-12-01,1,,True,probe00,1,False,,False,,Neither,115,"MB, HB",MB:70; HB:64,2
30af8629-7b96-45b7-8778-374720ddbc5e,PL024,hausserlab,2021-12-04,1,,True,probe00,1,True,"body, left, right",True,"body, left, right",DLC + Lightning Pose,149,"HPF, CTXsp, CNU",HPF:34; CTXsp:29; CNU:5,3
283ecb4c-e529-409c-9f0a-8ea5191dcf50,PL030,hausserlab,2022-09-12,1,,True,probe00,1,True,"body, left, right",True,"body, left, right",DLC + Lightning Pose,152,"HB, CB",HB:38; CB:5,2
6bf810fd-fbeb-4eea-9ea7-b6791d002b22,PL030,hausserlab,2022-09-14,1,,True,probe00,1,True,"body, left, right",True,"body, left, right",DLC + Lightning Pose,152,"HB, CB",HB:108; CB:18,2
bd07e3a7-09c3-4b67-996b-42b6d5cedf1c,PL030,hausserlab,2022-09-15,1,,True,probe00,1,True,"body, left, right",True,"body, left, right",DLC + Lightning Pose,146,"CB, HB",CB:88; HB:21,2
c16d3557-b2c1-4545-93d0-112ac0915d93,PL030,hausserlab,2022-09-16,1,,True,probe00,1,True,"body, left, right",True,"body, left, right",DLC + Lightning Pose,148,"HB, CB",HB:118; CB:93,2
2038e95d-64d4-4ecb-83d0-1308d3c598f8,PL030,hausserlab,2022-10-06,1,,True,probe00,1,True,"body, left, right",True,"body, left, right",DLC + Lightning Pose,146,"TH, HPF, HY",TH:109; HPF:17; HY:1,3
500a71dd-8768-4211-a1fe-1fafc9fcbf29,PL030,hausserlab,2022-10-08,1,,True,probe00,1,True,"body, left, right",True,"body, left, right",DLC + Lightning Pose,146,"TH, HPF, HY",TH:24; HPF:9; HY:2,3
61caa69d-088b-465a-b9d0-d75341dabac6,PL030,hausserlab,2022-10-13,1,,True,probe00,1,True,"body, left, right",True,"body, left, right",DLC + Lightning Pose,152,"MB, HY",MB:183; HY:5,2
233617ec-c5cf-4eda-afc8-3b1d94f36d73,PL030,hausserlab,2022-10-17,2,,True,probe00,1,True,"body, left, right",True,"body, left, right",DLC + Lightning Pose,148,"TH, CNU, HPF",TH:50; CNU:19; HPF:5,3
ef38e503-dd79-4185-bf87-4712d4f274fe,PL031,hausserlab,2022-11-15,1,,True,probe00,1,True,"body, left, right",True,"body, left, right",DLC + Lightning Pose,148,"CNU, OLF, CTXsp",CNU:69; OLF:19; CTXsp:12,3
fbd28ea6-3251-48e0-b215-2c51ec5185f7,PL031,hausserlab,2022-11-16,1,,True,probe00,1,True,"body, left, right",True,"body, left, right",DLC + Lightning Pose,148,"CNU, CTXsp, OLF",CNU:18; CTXsp:17; OLF:9,3
9fcbd1a0-77e6-4c41-9428-eeaee74becd5,PL031,hausserlab,2022-11-17,1,,True,probe00,1,True,"body, left, right",True,"body, left, right",DLC + Lightning Pose,148,CNU,CNU:16,1
c23b4118-db40-4333-af1d-933154b533c6,PL031,hausserlab,2022-11-19,1,,True,probe00,1,True,"left, right",True,"left, right",DLC + Lightning Pose,140,"TH, Isocortex, CNU",TH:41; Isocortex:6; CNU:1,3
c8e11fd8-d130-4f06-abba-9aa20240ce7c,PL031,hausserlab,2022-12-07,1,,True,probe00,1,True,"body, left, right",True,"body, left, right",DLC + Lightning Pose,146,"TH, HPF, MB",TH:59; HPF:22; MB:15,3
62902992-8432-46fb-af12-6392012e58c7,PL033,hausserlab,2022-10-04,2,,True,probe00,1,True,"body, left, right",True,"body, left, right",DLC + Lightning Pose,152,"Isocortex, TH, HY",Isocortex:21; TH:15; HY:1,3
4546cd60-fa2a-4d20-a9b6-d091e01d16f2,PL033,hausserlab,2022-10-05,1,,True,probe00,1,True,"body, left, right",True,"body, left, right",DLC + Lightning Pose,152,CNU,CNU:31,1
cef05f87-161b-4031-932c-6f47daf89698,PL033,hausserlab,2022-10-06,1,,True,probe00,1,True,"body, left, right",True,"body, left, right",DLC + Lightning Pose,146,"CNU, Isocortex",CNU:97; Isocortex:15,2
75db708a-9952-4452-a5b1-a851d88f8e28,PL033,hausserlab,2022-10-07,1,,True,probe00,1,True,"body, left, right",True,"body, left, right",DLC + Lightning Pose,152,"HY, TH",HY:17; TH:13,2
7f150b7c-c261-46e6-9edb-cc391c9d9f03,PL033,hausserlab,2022-10-10,1,,True,probe00,1,True,"body, left, right",True,"body, left, right",DLC + Lightning Pose,148,"TH, HY, Isocortex",TH:71; HY:6; Isocortex:5,3
837b4e6a-ccfd-49b0-a1dd-3aa53fbf2ecb,PL033,hausserlab,2022-10-11,1,,True,probe00,1,True,"body, left, right",True,"body, left, right",DLC + Lightning Pose,148,"HY, CNU",HY:95; CNU:82,2
9fc31d79-b56f-46d0-92a0-e9563caf4a7a,PL033,hausserlab,2022-10-12,1,,True,probe00,1,True,"body, left, right",True,"body, left, right",DLC + Lightning Pose,148,"Isocortex, TH",Isocortex:54; TH:13,2
a34b4013-414b-42ed-9318-e93fbbc71e7b,PL033,hausserlab,2022-10-25,1,,True,probe00,1,True,"body, left, right",True,"body, left, right",DLC + Lightning Pose,147,"TH, HY, HPF",TH:24; HY:6; HPF:2,3
49250fba-801c-4867-a0a7-a1e19538cb61,PL033,hausserlab,2022-10-26,1,,True,probe00,1,True,"body, left, right",True,"body, left, right",DLC + Lightning Pose,152,"TH, HY",TH:18; HY:4,2
2ab7d2c2-bcb7-4ae6-9626-f3786c22d970,PL033,hausserlab,2022-10-28,1,,True,probe00,1,True,"body, left, right",True,"body, left, right",DLC + Lightning Pose,152,"TH, CTXsp, CNU",TH:22; CTXsp:10; CNU:1,3
94dabed1-741c-4ddd-a6b7-70561e27b750,PL033,hausserlab,2022-10-29,2,,True,probe00,1,True,"body, left, right",True,"body, left, right",DLC + Lightning Pose,148,"TH, HY, HPF",TH:70; HY:5; HPF:1,3
be164a14-6e73-42c3-ab60-d29c48693c0f,PL033,hausserlab,2022-11-02,1,,True,probe00,1,True,"body, left, right",True,"body, left, right",DLC + Lightning Pose,148,"TH, HY",TH:163; HY:28,2
37ac03f1-9831-4a30-90fc-a59e635b98bd,PL033,hausserlab,2022-11-03,1,,True,probe00,1,True,"body, left, right",True,"body, left, right",DLC + Lightning Pose,152,"TH, HPF",TH:70; HPF:1,2
87ad026d-5b95-4022-8d59-c260870d830f,PL034,hausserlab,2022-10-18,1,,True,probe00,1,True,"body, left, right",True,"body, left, right",DLC + Lightning Pose,148,"HPF, TH, HY",HPF:41; TH:3; HY:1,3
3bb54985-77b2-421d-9d1f-46185be51216,PL034,hausserlab,2022-10-19,1,,True,probe00,1,True,"body, left, right",True,"body, left, right",DLC + Lightning Pose,152,"TH, HY",TH:9; HY:1,2
6cbeead9-bb7a-40e1-8ccd-47ae60239654,PL034,hausserlab,2022-10-20,1,,True,probe00,1,True,"body, left, right",True,"body, left, right",DLC + Lightning Pose,152,"HPF, TH",HPF:50; TH:5,2
a2b9fbbe-79fc-4166-a16e-b307813a2f06,PL035,hausserlab,2023-04-12,1,,True,probe00,1,True,"body, left, right",True,"body, left, right",DLC + Lightning Pose,146,"MB, Isocortex, HPF",MB:54; Isocortex:25; HPF:8,3
5437ec1f-6535-470c-80b8-4c8806ee085d,PL035,hausserlab,2023-04-13,1,,True,probe00,1,True,"body, left, right",True,"body, left, right",DLC + Lightning Pose,150,"Isocortex, HPF, MB",Isocortex:18; HPF:11; MB:7,3
36573e0b-ddd6-4504-94ec-9a23c877486c,PL035,hausserlab,2023-04-14,1,,True,probe00,1,True,"body, left, right",True,"body, left, right",DLC + Lightning Pose,150,"MB, HB",MB:44; HB:17,2
04749a70-ac63-477d-8392-d4d529184fab,PL035,hausserlab,2023-04-15,1,,True,probe00,1,True,"body, left, right",True,"body, left, right",DLC + Lightning Pose,146,"MB, HB",MB:59; HB:3,2
d23b005f-46f5-4fe1-870c-f55f6eb9533d,PL037,hausserlab,2023-04-06,1,,True,probe00,1,True,"body, left, right",True,"body, left, right",DLC + Lightning Pose,146,"MB, HB",MB:116; HB:53,2
7235b10c-6621-44ea-abe9-01559633472d,PL037,hausserlab,2023-04-07,1,,True,probe00,1,True,"body, left, right",True,"body, left, right",DLC + Lightning Pose,150,"MB, HB",MB:103; HB:62,2
fd03d365-91df-41e2-ad81-9e0e4b9f5c7b,PL037,hausserlab,2023-04-09,1,,True,probe00,1,True,"body, left, right",True,"body, left, right",DLC + Lightning Pose,146,"MB, HB, HPF, Isocortex",MB:162; HB:25; HPF:11; Isocortex:2,4
62ff920c-2fdd-4feb-9d9f-0d66f2e595a1,PL037,hausserlab,2023-04-10,1,,True,probe00,1,True,"body, left, right",True,"body, left, right",DLC + Lightning Pose,150,"MB, HB, HPF",MB:62; HB:57; HPF:1,3
14127fdb-2e66-4823-b124-f49c128ba94d,PL037,hausserlab,2023-04-13,1,,True,probe00,1,True,"body, left, right",True,"body, left, right",DLC + Lightning Pose,145,"MB, HB, HPF",MB:88; HB:87; HPF:1,3
7eeb8423-49e6-4d40-ab6f-703d17af231a,PL037,hausserlab,2023-04-14,1,,True,probe00,1,True,"body, left, right",True,"body, left, right",DLC + Lightning Pose,150,"MB, HB, HPF",MB:27; HB:17; HPF:5,3
6ab9d98c-b1e9-4574-b8fe-b9eec88097e0,PL050,hausserlab,2023-06-05,1,,True,probe00,1,True,"body, left, right",True,"body, left, right",DLC + Lightning Pose,174,"MB, HPF, Isocortex",MB:106; HPF:29; Isocortex:7,3
37bbc17f-8dec-4fa8-97fd-e23a5c6bad1f,PL050,hausserlab,2023-06-06,1,,True,probe00,1,True,"body, left, right",True,"body, left, right",DLC + Lightning Pose,149,"HB, MB",HB:96; MB:60,2
0cf6d255-8f2f-463e-84fb-c54bacb79f51,PL050,hausserlab,2023-06-07,1,,True,probe00,1,True,"body, left, right",True,"body, left, right",DLC + Lightning Pose,143,"HPF, Isocortex, TH, MB",HPF:63; Isocortex:24; TH:17; MB:1,4
c02e5155-8e8f-427e-873d-d61490bbb9c3,PL050,hausserlab,2023-06-08,1,,True,probe00,1,True,"body, left, right",True,"body, left, right",DLC + Lightning Pose,146,"HB, HPF",HB:21; HPF:1,2
98e0074c-706a-40e5-bbb5-223f97585a99,PL050,hausserlab,2023-06-09,1,,True,"probe00, probe01",2,True,"body, left, right",True,"body, left, right",DLC + Lightning Pose,235,"HB, MB, HPF",HB:72; MB:37; HPF:12,3
e6de6c35-1508-4471-b7c3-f12a5c7a6d39,PL050,hausserlab,2023-06-11,1,,True,probe00,1,True,"body, left, right",True,"body, left, right",DLC + Lightning Pose,146,"HB, MB",HB:54; MB:15,2
1dbba733-24a4-4400-9436-53f1bd8428e8,PL050,hausserlab,2023-06-12,1,,True,"probe00, probe01",2,True,"body, left, right",True,"body, left, right",DLC + Lightning Pose,239,"HPF, HB, Isocortex",HPF:225; HB:55; Isocortex:6,3
2584ce3c-db10-4076-89cb-5d313138dd38,PL050,hausserlab,2023-06-13,1,,True,probe00,1,True,"body, left, right",True,"body, left, right",DLC + Lightning Pose,146,"HPF, Isocortex",HPF:164; Isocortex:83,2
e6bdb1f4-b0bf-4451-8f23-4384f2102f91,PL050,hausserlab,2023-06-15,1,,True,probe00,1,True,"body, left, right",True,"body, left, right",DLC + Lightning Pose,146,"HB, MB",HB:68; MB:2,2
66d98e6e-bcd9-4e78-8fbb-636f7e808b29,SWC_042,hoferlab,2020-07-13,1,,True,probe00,1,True,"left, right",True,"left, right",DLC + Lightning Pose,144,"TH, Isocortex, HPF",TH:52; Isocortex:7; HPF:6,3
f9860a11-24d3-452e-ab95-39e199f20a93,SWC_042,hoferlab,2020-07-17,1,,True,"probe00, probe01",2,True,"left, right",True,"left, right",DLC + Lightning Pose,233,"HPF, TH, Isocortex",HPF:84; TH:65; Isocortex:6,3
f3ce3197-d534-4618-bf81-b687555d1883,SWC_043,hoferlab,2020-09-15,1,,True,probe01,1,True,"body, left, right",True,"body, left, right",DLC + Lightning Pose,148,"CNU, Isocortex",CNU:59; Isocortex:26,2
6f09ba7e-e3ce-44b0-932b-c003fb44fb89,SWC_043,hoferlab,2020-09-16,2,,True,"probe00, probe01",2,True,"body, left, right",True,"body, left, right",DLC + Lightning Pose,266,"TH, CNU, OLF, HPF, Isocortex, CTXsp",TH:155; CNU:67; OLF:49; HPF:6; Isocortex:4; CTXsp:1,6
695a6073-eae0-49e0-bb0f-e9e57a9275b9,SWC_043,hoferlab,2020-09-17,1,,True,"probe00, probe01",2,True,"body, left, right",True,"body, left, right",DLC + Lightning Pose,243,"HPF, CTXsp, Isocortex, OLF",HPF:82; CTXsp:9; Isocortex:6; OLF:1,4
6fb1e12c-883b-46d1-a745-473cde3232c8,SWC_043,hoferlab,2020-09-18,1,,True,probe00,1,True,"body, left, right",True,"body, left, right",DLC + Lightning Pose,152,"Isocortex, CTXsp",Isocortex:130; CTXsp:19,2
88d24c31-52e4-49cc-9f32-6adbeb9eba87,SWC_043,hoferlab,2020-09-19,1,,True,probe00,1,True,"body, left, right",True,"body, left, right",DLC + Lightning Pose,150,"CNU, Isocortex",CNU:142; Isocortex:18,2
c6db3304-c906-400c-aa0f-45dd3945b2ea,SWC_043,hoferlab,2020-09-20,1,,True,probe00,1,True,"body, left, right",True,"body, left, right",DLC + Lightning Pose,148,"HPF, CTXsp, OLF",HPF:77; CTXsp:17; OLF:5,3
4ecb5d24-f5cc-402c-be28-9d0f7cb14b3a,SWC_043,hoferlab,2020-09-21,1,,True,"probe00, probe01",2,True,"body, left, right",True,"body, left, right",DLC + Lightning Pose,280,"CNU, OLF, HY, Isocortex",CNU:231; OLF:125; HY:66; Isocortex:25,4
dac3a4c1-b666-4de0-87e8-8c514483cacf,SWC_060,hoferlab,2020-11-24,1,,True,"probe00, probe01",2,True,"body, left, right",True,"body, left, right",DLC + Lightning Pose,263,"TH, CNU, HY, HPF",TH:58; CNU:31; HY:15; HPF:5,4
875c1e5c-f7ec-45ac-ab82-ecfe7276a707,SWC_060,hoferlab,2020-11-25,1,,True,"probe00, probe01",2,True,"body, left, right",True,"body, left, right",DLC + Lightning Pose,239,"TH, CNU, HY, HPF",TH:35; CNU:20; HY:11; HPF:6,4
81a1dca0-cc90-47c5-afe3-c277319c47c8,SWC_060,hoferlab,2020-11-26,1,,True,"probe00, probe01",2,True,"body, left, right",True,"body, left, right",DLC + Lightning Pose,239,"CNU, MB, HY, TH, HPF",CNU:157; MB:16; HY:3; TH:3; HPF:1,5
493170a6-fd94-4ee4-884f-cc018c17eeb9,SWC_061,hoferlab,2020-11-23,1,,True,"probe00, probe01",2,True,"body, left, right",True,"body, left, right",DLC + Lightning Pose,243,"OLF, CNU, Isocortex",OLF:87; CNU:84; Isocortex:25,3
360eac0c-7d2d-4cc1-9dcf-79fc7afc56e7,SWC_061,hoferlab,2020-11-26,1,,True,"probe00, probe01",2,True,"body, left, right",True,"body, left, right",DLC + Lightning Pose,243,"CNU, OLF, Isocortex",CNU:79; OLF:46; Isocortex:38,3
d7e60cc3-6020-429e-a654-636c6cc677ea,SWC_061,hoferlab,2020-11-30,1,,True,"probe00, probe01",2,True,"body, left, right",True,"body, left, right",DLC + Lightning Pose,239,"TH, CNU, Isocortex, CTXsp, HY, MB, HPF",TH:46; CNU:38; Isocortex:12; CTXsp:10; HY:7; MB:4; HPF:1,7
f4ffb731-8349-4fe4-806e-0232a84e52dd,SWC_066,hoferlab,2022-04-27,1,,True,probe01,1,True,"body, left, right",True,"body, left, right",DLC + Lightning Pose,146,CB,CB:11,1
a4747ac8-6a75-444f-b99b-696fff0243fd,SWC_066,hoferlab,2022-04-28,1,,True,probe00,1,True,"body, left, right",True,"body, left, right",DLC + Lightning Pose,140,"HPF, CTXsp",HPF:8; CTXsp:1,2
c4432264-e1ae-446f-8a07-6280abade813,ZFM-01576,mainenlab,2020-12-01,1,,True,"probe00, probe01",2,True,"left, right",True,"left, right",DLC + Lightning Pose,257,"HB, CB, MB, HPF, Isocortex",HB:170; CB:167; MB:25; HPF:15; Isocortex:8,5
9e9c6fc0-4769-4d83-9ea4-b59a1230510e,ZFM-01576,mainenlab,2020-12-03,1,,True,probe00,1,True,"left, right",True,"left, right",DLC + Lightning Pose,140,"Isocortex, TH",Isocortex:74; TH:24,2
09b2c4d1-058d-4c84-9fd4-97530f85baf6,ZFM-01577,mainenlab,2020-10-28,1,,True,"probe00, probe01",2,True,"left, right",True,"left, right",DLC + Lightning Pose,236,"HB, HPF, Isocortex, TH, CB",HB:157; HPF:67; Isocortex:51; TH:10; CB:9,5
5d6aa933-4b00-4e99-ae2d-5003657592e9,ZFM-01577,mainenlab,2020-10-29,1,,True,"probe00, probe01",2,True,"left, right",True,"left, right",DLC + Lightning Pose,233,"HPF, CB, Isocortex, MB, HB",HPF:80; CB:55; Isocortex:33; MB:33; HB:30,5
63f3dbc1-1a5f-44e5-98dd-ce25cd2b7871,ZFM-01577,mainenlab,2020-10-30,1,,True,probe00,1,True,"left, right",True,"left, right",DLC + Lightning Pose,144,"HB, CB, MB",HB:41; CB:29; MB:20,3
746d1902-fa59-4cab-b0aa-013be36060d5,ZFM-01592,mainenlab,2020-10-20,1,,True,"probe00, probe01",2,True,"left, right",True,"left, right",DLC + Lightning Pose,262,"TH, HB, CB, HY, HPF",TH:243; HB:126; CB:28; HY:21; HPF:17,5
5b609f9b-75cb-43d3-9c39-b5b4b7a0db67,ZFM-01592,mainenlab,2020-10-21,1,,True,"probe00, probe01",2,True,"left, right",True,"left, right",DLC + Lightning Pose,238,"CB, HPF, OLF, CTXsp",CB:107; HPF:26; OLF:9; CTXsp:8,4
56bc129c-6265-407a-a208-cc16d20a6c01,ZFM-01592,mainenlab,2020-10-23,1,,True,probe00,1,True,"left, right",True,"left, right",DLC + Lightning Pose,142,"CB, HB",CB:160; HB:36,2
1a507308-c63a-4e02-8f32-3239a07dc578,ZFM-01935,mainenlab,2021-02-03,1,,True,"probe00, probe01",2,True,"body, left, right",True,"body, left, right",DLC + Lightning Pose,244,"TH, Isocortex, HPF, HY, MB",TH:243; Isocortex:92; HPF:25; HY:13; MB:3,5
f5591ac5-311d-4fa8-9bad-029d7be9c491,ZFM-01935,mainenlab,2021-02-04,1,,True,probe00,1,True,"body, left, right",True,"body, left, right",DLC + Lightning Pose,148,"CTXsp, CNU, Isocortex",CTXsp:20; CNU:10; Isocortex:3,3
ab8a0899-a59f-42e4-8807-95b14056104b,ZFM-01935,mainenlab,2021-02-05,1,,True,probe00,1,True,"body, left, right",True,"body, left, right",DLC + Lightning Pose,148,"TH, HY",TH:98; HY:35,2
71e03be6-b497-4991-a121-9416dcc1a6e7,ZFM-01935,mainenlab,2021-02-06,1,,True,probe00,1,True,"body, left, right",True,"body, left, right",DLC + Lightning Pose,152,"TH, HY, Isocortex",TH:102; HY:29; Isocortex:3,3
d0ea3148-948d-4817-94f8-dcaf2342bbbe,ZFM-01936,mainenlab,2021-01-19,1,,True,probe00,1,True,"body, left, right",True,"body, left, right",DLC + Lightning Pose,173,"TH, HPF, HY",TH:135; HPF:11; HY:5,3
4aa1d525-5c7d-4c50-a147-ec53a9014812,ZFM-01936,mainenlab,2021-01-20,1,,True,probe00,1,True,"body, left, right",True,"body, left, right",DLC + Lightning Pose,152,"Isocortex, CNU",Isocortex:86; CNU:55,2
9b5a1754-ac99-4d53-97d3-35c2f6638507,ZFM-01936,mainenlab,2021-01-22,2,,True,probe00,1,True,"body, left, right",True,"body, left, right",DLC + Lightning Pose,148,CNU,CNU:102,1
2c44a360-5a56-4971-8009-f469fb59de98,ZFM-01936,mainenlab,2021-01-23,1,,True,"probe00, probe01",2,True,"body, left, right",True,"body, left, right",DLC + Lightning Pose,243,"CNU, Isocortex, TH, HPF, OLF",CNU:114; Isocortex:96; TH:56; HPF:8; OLF:6,5
3f6e25ae-c007-4dc3-aa77-450fd5705046,ZFM-01936,mainenlab,2021-01-24,1,,True,probe00,1,True,"body, left, right",True,"body, left, right",DLC + Lightning Pose,152,"OLF, Isocortex, CNU",OLF:72; Isocortex:40; CNU:24,3
113c5b6c-940e-4b21-b462-789b4c2be0e5,ZFM-01937,mainenlab,2021-04-08,1,,True,probe00,1,True,"body, left, right",True,"body, left, right",DLC + Lightning Pose,148,"CNU, Isocortex",CNU:64; Isocortex:57,2
0b7ee1b6-42db-46cd-a465-08f531366187,ZFM-01937,mainenlab,2021-04-09,1,,True,probe00,1,True,"body, left, right",True,"body, left, right",DLC + Lightning Pose,148,CNU,CNU:77,1
a4a74102-2af5-45dc-9e41-ef7f5aed88be,ZFM-02368,mainenlab,2021-06-01,1,,True,"probe00, probe01",2,True,"body, left, right",True,"body, left, right",DLC + Lightning Pose,258,"TH, CNU, Isocortex, HY, HPF",TH:180; CNU:146; Isocortex:22; HY:13; HPF:7,5
72cb5550-43b4-4ef0-add5-e4adfdfb5e02,ZFM-02369,mainenlab,2021-05-19,1,,True,"probe00, probe01",2,True,"body, left, right",True,"body, left, right",DLC + Lightning Pose,263,"CB, TH, HB, HPF, Isocortex",CB:227; TH:124; HB:21; HPF:4; Isocortex:2,5
d0c91c3c-8cbb-4929-8657-31f18bffc294,ZFM-02370,mainenlab,2021-04-27,1,,True,probe00,1,True,"body, left, right",True,"body, left, right",DLC + Lightning Pose,145,"OLF, CNU, CTXsp",OLF:40; CNU:17; CTXsp:4,3
6f6d2c8e-28be-49f4-ae4d-06be2d3148c1,ZFM-02370,mainenlab,2021-04-28,1,,True,probe00,1,True,"body, left, right",True,"body, left, right",DLC + Lightning Pose,149,"CNU, OLF, Isocortex",CNU:94; OLF:92; Isocortex:66,3
88224abb-5746-431f-9c17-17d7ef806e6a,ZFM-02372,mainenlab,2021-06-01,2,,True,"probe00, probe01",2,True,"body, left, right",True,"body, left, right",DLC + Lightning Pose,259,"TH, MB, HPF, HY",TH:113; MB:68; HPF:13; HY:7,4
7cec9792-b8f9-4878-be7e-f08103dc0323,ZFM-02372,mainenlab,2021-06-02,2,,True,probe00,1,True,"body, left, right",True,"body, left, right",DLC + Lightning Pose,149,"HB, MB, CB",HB:19; MB:14; CB:3,3
0802ced5-33a3-405e-8336-b65ebc5cb07c,ZFM-02373,mainenlab,2021-06-23,1,,True,"probe00, probe01",2,True,"body, left, right",True,"body, left, right",DLC + Lightning Pose,263,"TH, Isocortex, HPF",TH:280; Isocortex:58; HPF:25,3
239dd3c9-35f3-4462-95ee-91b822a22e6b,ZFM-04308,mainenlab,2022-07-26,1,,True,"probe00, probe01",2,True,"body, left, right",True,"body, left, right",DLC + Lightning Pose,266,"MB, HPF, Isocortex",MB:105; HPF:35; Isocortex:15,3
9dd72e52-5393-4c08-9eca-f7dace2e59f6,ZFM-04308,mainenlab,2022-07-27,1,,True,probe01,1,True,"body, left, right",True,"body, left, right",DLC + Lightning Pose,147,CB,CB:79,1
dd4da095-4a99-4bf3-9727-f735077dba66,ZM_1897,mainenlab,2019-12-02,1,,True,"probe00, probe01",2,False,,False,,Neither,196,"Isocortex, TH, OLF, HPF",Isocortex:330; TH:95; OLF:84; HPF:26,4
e5fae088-ed96-4d9b-82f9-dfd13c259d52,ZM_1897,mainenlab,2019-12-06,1,,True,probe00,1,False,,False,,Neither,111,"TH, Isocortex, HPF",TH:107; Isocortex:15; HPF:9,3
21e16736-fd59-44c7-b938-9b1333d25da8,ZM_1898,mainenlab,2019-12-10,7,,True,probe00,1,True,"left, right",True,"left, right",DLC + Lightning Pose,133,"TH, CTXsp, OLF, CNU",TH:58; CTXsp:17; OLF:11; CNU:8,4
53738f95-bd08-4d9d-9133-483fdb19e8da,ZM_1898,mainenlab,2019-12-11,2,,True,probe00,1,True,"left, right",True,"left, right",DLC + Lightning Pose,133,"TH, CTXsp, CNU",TH:30; CTXsp:27; CNU:7,3
d33baf74-263c-4b37-a0d0-b79dcb80a764,ZM_2240,mainenlab,2020-01-21,1,,True,"probe00, probe01",2,True,"left, right",True,"left, right",DLC + Lightning Pose,231,"Isocortex, TH, OLF, HPF, HY, CNU",Isocortex:223; TH:191; OLF:74; HPF:21; HY:8; CNU:3,6
259927fd-7563-4b03-bc5d-17b4d0fa7a55,ZM_2240,mainenlab,2020-01-22,1,,True,"probe00, probe01",2,True,"left, right",True,"left, right",DLC + Lightning Pose,235,"CNU, Isocortex, OLF, TH, HY",CNU:119; Isocortex:93; OLF:78; TH:24; HY:8,5
510b1a50-825d-44ce-86f6-9678f5396e02,ZM_2240,mainenlab,2020-01-23,1,,True,probe00,1,True,"left, right",True,"left, right",DLC + Lightning Pose,143,"TH, Isocortex, HPF",TH:117; Isocortex:58; HPF:53,3
193fe7a8-4eb5-4f3e-815a-0c45864ddd77,ZM_2240,mainenlab,2020-01-24,1,,True,probe00,1,True,"left, right",True,"left, right",DLC + Lightning Pose,140,"TH, HPF, Isocortex, MB",TH:23; HPF:15; Isocortex:12; MB:1,4
ff4187b5-4176-4e39-8894-53a24b7cf36b,ZM_2241,mainenlab,2020-01-27,1,,True,"probe00, probe01",2,True,"left, right",True,"left, right",DLC + Lightning Pose,231,"CNU, Isocortex, CTXsp, OLF",CNU:263; Isocortex:100; CTXsp:45; OLF:29,4
465c44bd-2e67-4112-977b-36e1ac7e3f8c,ZM_2241,mainenlab,2020-01-28,1,,True,"probe00, probe01",2,True,"left, right",True,"left, right",DLC + Lightning Pose,235,"CNU, TH, Isocortex",CNU:136; TH:87; Isocortex:31,3
e49d8ee7-24b9-416a-9d04-9be33b655f40,ZM_2241,mainenlab,2020-01-29,8,,True,probe00,1,True,"left, right",True,"left, right",DLC + Lightning Pose,140,"CNU, OLF, CTXsp",CNU:28; OLF:26; CTXsp:5,3
ee40aece-cffd-4edb-a4b6-155f158c666a,ZM_2241,mainenlab,2020-01-30,1,,True,"probe00, probe01",2,True,"left, right",True,"left, right",DLC + Lightning Pose,257,"TH, Isocortex, HY, HPF",TH:337; Isocortex:44; HY:39; HPF:36,4
f8d5c8b0-b931-4151-b86c-c471e2e80e5d,ZM_2241,mainenlab,2020-01-31,1,,True,"probe00, probe01",2,True,"left, right",True,"left, right",DLC + Lightning Pose,231,"MB, TH, HY, HPF",MB:100; TH:79; HY:49; HPF:10,4
cb2ad999-a6cb-42ff-bf71-1774c57e5308,ZM_2245,mainenlab,2020-01-21,2,,True,"probe00, probe01",2,True,"left, right",True,"left, right",DLC + Lightning Pose,231,"TH, Isocortex, HY, CNU, HPF, MB",TH:112; Isocortex:36; HY:15; CNU:10; HPF:9; MB:7,6
934dd7a4-fbdc-459c-8830-04fe9033bc28,ZM_3003,mainenlab,2020-07-27,1,,True,"probe00, probe01",2,True,"left, right",True,"left, right",DLC + Lightning Pose,231,"HY, Isocortex, CNU, HPF, TH, MB",HY:51; Isocortex:33; CNU:31; HPF:8; TH:4; MB:1,6
fe1fd79f-b051-411f-a0a9-2530a02cc78d,ZM_3003,mainenlab,2020-07-28,1,,True,"probe00, probe01",2,True,"left, right",True,"left, right",DLC + Lightning Pose,231,"MB, CNU, HPF, Isocortex, HY",MB:37; CNU:30; HPF:25; Isocortex:18; HY:7,5
4d8c7767-981c-4347-8e5e-5d5fffe38534,SWC_038,mrsicflogellab,2020-07-30,1,,True,"probe00, probe01",2,False,,False,,Neither,213,"Isocortex, OLF",Isocortex:303; OLF:86,2
1e45d992-c356-40e1-9be1-a506d944896f,SWC_038,mrsicflogellab,2020-07-31,1,,True,"probe00, probe01",2,True,"left, right",True,"left, right",DLC + Lightning Pose,235,"CNU, Isocortex, MB, HPF, TH",CNU:77; Isocortex:46; MB:23; HPF:21; TH:12,5
03063955-2523-47bd-ae57-f7489dd40f15,SWC_038,mrsicflogellab,2020-08-01,1,,True,"probe00, probe01",2,True,"left, right",True,"left, right",DLC + Lightning Pose,235,"CNU, Isocortex, CTXsp, OLF",CNU:87; Isocortex:38; CTXsp:10; OLF:10,4
768a371d-7e88-47f8-bf21-4a6a6570dd6e,SWC_039,mrsicflogellab,2020-09-10,1,,True,"probe00, probe01",2,True,"body, left, right",True,"body, left, right",DLC + Lightning Pose,243,"CB, CNU, HB, CTXsp, HPF",CB:105; CNU:31; HB:6; CTXsp:2; HPF:2,5
45ef6691-7b80-4a43-bd1a-85fc00851ae8,SWC_052,mrsicflogellab,2020-10-17,1,,True,"probe00, probe01",2,True,"body, left, right",True,"body, left, right",DLC + Lightning Pose,243,"HB, MB, Isocortex, CB",HB:95; MB:39; Isocortex:12; CB:11,4
fc14c0d6-51cf-48ba-b326-56ed5a9420c3,SWC_052,mrsicflogellab,2020-10-18,1,,True,probe00,1,True,"body, left, right",True,"body, left, right",DLC + Lightning Pose,148,"HB, CB",HB:100; CB:49,2
7416f387-b302-4ca3-8daf-03b585a1b7ec,SWC_052,mrsicflogellab,2020-10-19,1,,True,"probe00, probe01",2,True,"body, left, right",True,"body, left, right",DLC + Lightning Pose,249,"HB, CB",HB:33; CB:4,2
1928bf72-2002-46a6-8930-728420402e01,SWC_052,mrsicflogellab,2020-10-20,1,,True,"probe00, probe01",2,True,"body, left, right",True,"body, left, right",DLC + Lightning Pose,243,"CB, HB, HPF",CB:68; HB:52; HPF:27,3
22e04698-b974-4805-b241-3b547dbf37bf,SWC_052,mrsicflogellab,2020-10-21,2,,True,"probe00, probe01",2,True,"body, left, right",True,"body, left, right",DLC + Lightning Pose,243,"CB, MB",CB:115; MB:28,2
7cb81727-2097-4b52-b480-c89867b5b34c,SWC_052,mrsicflogellab,2020-10-22,1,,True,"probe00, probe01",2,True,"body, left, right",True,"body, left, right",DLC + Lightning Pose,266,"TH, MB, HPF, Isocortex",TH:32; MB:29; HPF:5; Isocortex:5,4
f84045b0-ce09-4ace-9d11-5ea491620707,SWC_052,mrsicflogellab,2020-10-23,1,,True,"probe00, probe01",2,True,"body, left, right",True,"body, left, right",DLC + Lightning Pose,239,"CB, MB",CB:34; MB:30,2
239cdbb1-68e2-4eb0-91d8-ae5ae4001c7a,SWC_053,mrsicflogellab,2020-11-10,1,,True,"probe00, probe01",2,True,"body, left, right",True,"body, left, right",DLC + Lightning Pose,239,"HB, CB, MB",HB:124; CB:16; MB:3,3
75b6b132-d998-4fba-8482-961418ac957d,SWC_053,mrsicflogellab,2020-11-11,1,,True,"probe00, probe01",2,True,"body, left, right",True,"body, left, right",DLC + Lightning Pose,239,"HB, CB, MB",HB:65; CB:7; MB:3,3
032452e9-1886-449d-9c13-0f192572e19f,SWC_053,mrsicflogellab,2020-11-12,1,,True,probe00,1,True,"body, left, right",True,"body, left, right",DLC + Lightning Pose,146,HPF,HPF:33,1
56b57c38-2699-4091-90a8-aba35103155e,SWC_054,mrsicflogellab,2020-10-05,1,,True,"probe00, probe01",2,True,"body, left, right",True,"left, right",DLC + Lightning Pose,262,"TH, HB, CB, Isocortex, HPF, MB",TH:152; HB:133; CB:77; Isocortex:29; HPF:16; MB:2,6
91796ceb-e314-4859-9a1f-092f85cc846a,SWC_054,mrsicflogellab,2020-10-06,1,,True,probe01,1,True,"body, left, right",True,"left, right",DLC + Lightning Pose,143,"CB, HB",CB:163; HB:28,2
6c6983ef-7383-4989-9183-32b1a300d17a,SWC_054,mrsicflogellab,2020-10-07,1,,True,"probe00, probe01",2,True,"body, left, right",True,"left, right",DLC + Lightning Pose,238,"HB, CB, HPF, Isocortex",HB:30; CB:28; HPF:11; Isocortex:1,4
eebacd5a-7dcd-4ba6-9dff-ec2a4d2f19e0,SWC_054,mrsicflogellab,2020-10-09,1,,True,"probe00, probe01",2,True,"body, left, right",True,"body, left, right",DLC + Lightning Pose,240,"HB, CB, TH, Isocortex, HPF, HY",HB:98; CB:31; TH:10; Isocortex:6; HPF:5; HY:3,6
671c7ea7-6726-4fbe-adeb-f89c2c8e489b,SWC_054,mrsicflogellab,2020-10-10,1,,True,"probe00, probe01",2,True,"body, left, right",True,"body, left, right",DLC + Lightning Pose,242,"HB, TH, Isocortex, CB, HY",HB:94; TH:20; Isocortex:5; CB:3; HY:2,5
6bb5da8f-6858-4fdd-96d9-c34b3b841593,SWC_054,mrsicflogellab,2020-10-11,1,,True,probe00,1,True,"body, left, right",True,"body, left, right",DLC + Lightning Pose,152,"CB, HB, MB",CB:3; HB:2; MB:1,3
3638d102-e8b6-4230-8742-e548cd87a949,SWC_058,mrsicflogellab,2020-12-07,1,,True,probe01,1,True,"body, left, right",True,"body, left, right",DLC + Lightning Pose,177,"TH, HPF, Isocortex",TH:74; HPF:7; Isocortex:2,3
f1db6257-85ef-4385-b415-2d078ec75df2,SWC_058,mrsicflogellab,2020-12-08,1,,True,"probe00, probe01",2,True,"body, left, right",True,"body, left, right",DLC + Lightning Pose,235,"CB, HB",CB:200; HB:102,2
d3a2b25e-46d3-4f0b-ade6-4e32255f4c35,SWC_058,mrsicflogellab,2020-12-09,1,,True,"probe00, probe01",2,True,"body, left, right",True,"body, left, right",DLC + Lightning Pose,235,"CB, HB",CB:131; HB:18,2
9545aa05-3945-4054-a5c3-a259f7209d61,SWC_058,mrsicflogellab,2020-12-10,1,,True,"probe00, probe01",2,True,"body, left, right",True,"body, left, right",DLC + Lightning Pose,235,"CB, HB",CB:130; HB:13,2
1425bd6f-c625-4f6a-b237-dc5bcfc42c87,SWC_065,mrsicflogellab,2022-05-07,1,,True,probe01,1,True,"body, left, right",True,"body, left, right",DLC + Lightning Pose,150,"CB, HB",CB:38; HB:13,2
e6043c7d-8f6e-4b66-8309-2ec0abac0f79,NR_0017,steinmetzlab,2022-03-22,1,,True,probe00,1,True,"body, left, right",True,"body, left, right",DLC + Lightning Pose,146,"TH, HPF, HY",TH:58; HPF:1; HY:1,3
9b528ad0-4599-4a55-9148-96cc1d93fb24,NR_0019,steinmetzlab,2022-04-29,1,,True,probe00,1,True,"body, left, right",True,"body, left, right",DLC + Lightning Pose,170,"MB, HPF, Isocortex, TH",MB:46; HPF:26; Isocortex:2; TH:1,4
b887df2c-bb9c-44c9-a9c0-538da87b2cab,NR_0019,steinmetzlab,2022-05-01,1,,True,"probe00, probe01",2,True,"body, left, right",True,"body, left, right",DLC + Lightning Pose,229,"MB, HPF, Isocortex",MB:122; HPF:14; Isocortex:1,3
63c70ae8-4dfb-418b-b21b-f0b1e5fba6c9,NR_0019,steinmetzlab,2022-05-03,1,,True,"probe00, probe01",2,True,"body, left, right",True,"body, left, right",DLC + Lightning Pose,239,"TH, Isocortex, HY",TH:176; Isocortex:41; HY:23,3
3e6a97d3-3991-49e2-b346-6948cb4580fb,NR_0020,steinmetzlab,2022-05-08,1,,True,"probe00, probe01",2,True,"body, left, right",True,"body, left, right",DLC + Lightning Pose,265,"MB, HPF, CTXsp, Isocortex, OLF",MB:49; HPF:39; CTXsp:25; Isocortex:24; OLF:10,5
eacc49a9-f3a1-49f1-b87f-0972f90ee837,NR_0020,steinmetzlab,2022-05-09,1,,True,"probe00, probe01",2,True,"body, left, right",True,"body, left, right",DLC + Lightning Pose,235,"MB, HPF, Isocortex, CTXsp, OLF",MB:165; HPF:43; Isocortex:41; CTXsp:26; OLF:1,5
5b49aca6-a6f4-4075-931a-617ad64c219c,NR_0020,steinmetzlab,2022-05-10,1,,True,probe01,1,True,"body, left, right",True,"body, left, right",DLC + Lightning Pose,150,"OLF, HPF, CTXsp",OLF:20; HPF:18; CTXsp:6,3
d901aff5-2250-467a-b4a1-0cb9729df9e2,NR_0020,steinmetzlab,2022-05-11,1,,True,"probe00, probe01",2,True,"body, left, right",True,"body, left, right",DLC + Lightning Pose,235,"TH, HPF, MB, Isocortex",TH:133; HPF:39; MB:31; Isocortex:7,4
27ef44c0-acb2-4220-b776-477d0d5abd35,NR_0021,steinmetzlab,2022-06-28,1,,True,"probe00, probe01",2,True,"body, left, right",True,"left, right",DLC + Lightning Pose,238,"OLF, HPF, Isocortex, CNU, TH",OLF:92; HPF:26; Isocortex:24; CNU:21; TH:19,5
1ca83b26-30fc-4350-a616-c38b7d00d240,NR_0021,steinmetzlab,2022-06-30,2,,True,"probe00, probe01",2,True,"body, left, right",True,"body, left, right",DLC + Lightning Pose,243,"MB, Isocortex",MB:98; Isocortex:7,2
e0928e11-2b86-4387-a203-80c77fab5d52,NR_0021,steinmetzlab,2022-07-08,1,,True,"probe00, probe01",2,True,"body, left, right",True,"body, left, right",DLC + Lightning Pose,240,"Isocortex, HPF, MB",Isocortex:40; HPF:34; MB:15,3
3bcb81b4-d9ca-4fc9-a1cd-353a966239ca,NR_0024,steinmetzlab,2023-01-19,1,,True,"probe00, probe01",2,True,"body, left, right",True,"body, left, right",DLC + Lightning Pose,263,"MB, Isocortex, HPF",MB:81; Isocortex:26; HPF:20,3
7cc74598-9c1b-436b-84fa-0bf89f31adf6,NR_0024,steinmetzlab,2023-02-01,1,,True,"probe00, probe01",2,True,"body, left, right",True,"body, left, right",DLC + Lightning Pose,239,"Isocortex, MB, HPF, HB",Isocortex:79; MB:68; HPF:17; HB:2,4
2d9bfc10-59fb-424a-b699-7c42f86c7871,NR_0024,steinmetzlab,2023-02-03,1,,True,probe00,1,True,"body, left, right",True,"body, left, right",DLC + Lightning Pose,150,"HPF, Isocortex, OLF",HPF:44; Isocortex:43; OLF:5,3
f4eb56a4-8bf8-4bbc-a8f3-6e6535134bad,NR_0024,steinmetzlab,2023-02-07,1,,True,"probe00, probe01",2,True,"body, left, right",True,"body, left, right",DLC + Lightning Pose,235,"TH, OLF, CTXsp, HY, CNU",TH:74; OLF:27; CTXsp:23; HY:13; CNU:9,5
6c6b0d06-6039-4525-a74b-58cfaa1d3a60,NR_0027,steinmetzlab,2022-08-19,1,,True,"probe00, probe01",2,True,"body, left, right",True,"body, left, right",DLC + Lightning Pose,266,"MB, HPF, Isocortex, TH",MB:88; HPF:22; Isocortex:14; TH:1,4
195443eb-08e9-4a18-a7e1-d105b2ce1429,NR_0027,steinmetzlab,2022-08-20,1,,True,probe00,1,True,"body, left, right",True,"body, left, right",DLC + Lightning Pose,152,"MB, HY",MB:9; HY:1,2
0f77ca5d-73c2-45bd-aa4c-4c5ed275dbde,NR_0027,steinmetzlab,2022-08-22,1,,True,"probe00, probe01",2,True,"body, left, right",True,"body, left, right",DLC + Lightning Pose,243,"Isocortex, CNU, OLF",Isocortex:236; CNU:43; OLF:2,3
ae8787b1-4229-4d56-b0c2-566b61a25b77,NR_0027,steinmetzlab,2022-08-23,1,,True,"probe00, probe01",2,True,"body, left, right",True,"body, left, right",DLC + Lightning Pose,239,"CNU, Isocortex, HY, CTXsp",CNU:88; Isocortex:74; HY:21; CTXsp:5,4
5c0c560e-9e1f-45e9-b66e-e4ee7855be84,NR_0028,steinmetzlab,2023-03-07,1,,True,"probe00, probe01",2,True,"body, left, right",True,"body, left, right",DLC + Lightning Pose,263,"MB, Isocortex, HPF",MB:131; Isocortex:69; HPF:67,3
28338153-4113-485b-835b-91cb96d984f2,NR_0028,steinmetzlab,2023-03-10,1,,True,probe00,1,True,"body, left, right",True,"body, left, right",DLC + Lightning Pose,150,"MB, Isocortex",MB:69; Isocortex:39,2
29a6def1-fc5c-4eea-ac48-47e9b053dcb5,NR_0028,steinmetzlab,2023-03-14,1,,True,probe00,1,True,"body, left, right",True,"body, left, right",DLC + Lightning Pose,154,"MB, Isocortex, HPF",MB:102; Isocortex:20; HPF:5,3
f56194bc-8215-4ae8-bc6a-89781ad8e050,NR_0028,steinmetzlab,2023-03-15,3,,True,"probe00, probe01",2,True,"body, left, right",True,"body, left, right",DLC + Lightning Pose,238,"MB, Isocortex, HPF",MB:101; Isocortex:90; HPF:72,3
c958919c-2e75-435d-845d-5b62190b520e,NR_0028,steinmetzlab,2023-03-20,1,,True,probe00,1,True,"body, left, right",True,"body, left, right",DLC + Lightning Pose,146,"HB, MB",HB:119; MB:12,2
4e560423-5caf-4cda-8511-d1ab4cd2bf7d,NR_0029,steinmetzlab,2023-08-29,1,,True,probe00,1,True,"body, left, right",True,"body, left, right",DLC + Lightning Pose,150,MB,MB:7,1
e6594a5b-552c-421a-b376-1a1baa9dc4fd,NR_0029,steinmetzlab,2023-08-30,1,,True,probe00,1,True,"body, left, right",True,"body, left, right",DLC + Lightning Pose,145,"HPF, MB",HPF:41; MB:20,2
de905562-31c6-4c31-9ece-3ee87b97eab4,NR_0029,steinmetzlab,2023-08-31,1,,True,probe00,1,True,"left, right",True,"left, right",DLC + Lightning Pose,138,MB,MB:19,1
d85c454e-8737-4cba-b6ad-b2339429d99b,NR_0029,steinmetzlab,2023-09-05,1,,True,probe00,1,True,"left, right",True,"left, right",DLC + Lightning Pose,138,"TH, HY",TH:11; HY:6,2
3a3ea015-b5f4-4e8b-b189-9364d1fc7435,NR_0029,steinmetzlab,2023-09-07,1,,True,probe00,1,True,"body, left, right",True,"body, left, right",DLC + Lightning Pose,150,HY,HY:2,1
642c97ea-fe89-4ec9-8629-5e492ea4019d,NR_0031,steinmetzlab,2023-07-12,1,,True,"probe00, probe01",2,True,"body, left, right",True,"body, left, right",DLC + Lightning Pose,238,"HPF, Isocortex",HPF:166; Isocortex:20,2
caa5dddc-9290-4e27-9f5e-575ba3598614,NR_0031,steinmetzlab,2023-07-14,1,,True,"probe00, probe01",2,True,"body, left, right",True,"body, left, right",DLC + Lightning Pose,253,"MB, HPF, Isocortex, TH",MB:109; HPF:54; Isocortex:13; TH:7,4
5139ce2c-7d52-44bf-8129-692d61dd6403,ibl_witten_13,wittenlab,2019-11-26,1,,True,"probe00, probe01",2,True,"left, right",True,"left, right",DLC + Lightning Pose,216,"CNU, MB, HY, Isocortex, HPF",CNU:122; MB:37; HY:17; Isocortex:9; HPF:3,5
49368f16-de69-4647-9a7a-761e94517821,ibl_witten_13,wittenlab,2019-11-27,1,,True,probe00,1,True,"left, right",True,"left, right",DLC + Lightning Pose,126,"CNU, HY",CNU:102; HY:2,2
ebe090af-5922-4fcd-8fc6-17b8ba7bad6d,ibl_witten_13,wittenlab,2019-12-03,1,,True,probe01,1,False,,False,,Neither,128,"TH, Isocortex, HPF",TH:188; Isocortex:20; HPF:19,3
d832d9f7-c96a-4f63-8921-516ba4a7b61f,ibl_witten_17,wittenlab,2020-07-22,3,,True,probe01,1,False,,False,,Neither,105,"TH, CNU",TH:10; CNU:2,2
dcceebe5-4589-44df-a1c1-9fa33e779727,ibl_witten_17,wittenlab,2020-07-23,1,,True,probe00,1,True,right,True,right,DLC + Lightning Pose,119,"TH, Isocortex",TH:10; Isocortex:2,2
b10ed1ba-2099-42c4-bee3-d053eb594f09,ibl_witten_17,wittenlab,2020-07-30,4,,True,probe00,1,True,right,True,right,DLC + Lightning Pose,112,"CB, HB",CB:91; HB:17,2
cae5cd75-55e5-4277-8db3-cf4d6c5ff918,ibl_witten_18,wittenlab,2020-09-01,4,,True,probe00,1,True,"body, left, right",True,"body, left, right",DLC + Lightning Pose,138,"CTXsp, CNU, Isocortex",CTXsp:40; CNU:24; Isocortex:15,3
4ef13091-1bc8-4f32-9619-107bdf48540c,ibl_witten_18,wittenlab,2020-09-02,1,,True,probe00,1,True,"body, left, right",True,"body, left, right",DLC + Lightning Pose,132,"TH, Isocortex, CNU",TH:32; Isocortex:24; CNU:10,3
25f77e81-c1af-46ab-8686-73ac3d67c4a7,ibl_witten_18,wittenlab,2020-09-03,2,,True,probe00,1,True,"body, left, right",True,"body, left, right",DLC + Lightning Pose,138,"CTXsp, Isocortex, CNU, OLF",CTXsp:46; Isocortex:38; CNU:23; OLF:16,4
4ddb8a95-788b-48d0-8a0a-66c7c796da96,ibl_witten_19,wittenlab,2020-07-21,1,,True,"probe00, probe01",2,True,right,True,right,DLC + Lightning Pose,206,"MB, Isocortex, CNU, OLF",MB:67; Isocortex:39; CNU:19; OLF:9,4
f8041c1e-5ef4-4ae6-afec-ed82d7a74dc1,ibl_witten_19,wittenlab,2020-07-22,1,,True,probe01,1,True,right,True,right,DLC + Lightning Pose,118,Isocortex,Isocortex:16,1
65f5c9b4-4440-48b9-b914-c593a5184a18,ibl_witten_19,wittenlab,2020-07-23,1,,True,probe00,1,True,right,True,right,DLC + Lightning Pose,116,"Isocortex, CNU, OLF",Isocortex:82; CNU:28; OLF:28,3
037d75ca-c90a-43f2-aca6-e86611916779,ibl_witten_20,wittenlab,2020-09-01,1,,True,probe00,1,True,"body, left, right",True,"body, left, right",DLC + Lightning Pose,138,"HB, CB",HB:114; CB:10,2
e12fbe11-8a6b-4bf6-a955-e5f6cec31ef1,ibl_witten_20,wittenlab,2020-09-02,1,,True,probe00,1,True,"body, left, right",True,"body, left, right",DLC + Lightning Pose,138,"HB, CB",HB:175; CB:35,2
a7763417-e0d6-4f2a-aa55-e382fd9b5fb8,ibl_witten_20,wittenlab,2020-09-03,1,,True,"probe00, probe01",2,True,"body, left, right",True,"body, left, right",DLC + Lightning Pose,226,"HB, CB, MB, Isocortex, HPF",HB:139; CB:60; MB:44; Isocortex:6; HPF:5,5
5285c561-80da-4563-8694-739da92e5dd0,ibl_witten_25,wittenlab,2020-12-08,1,,True,"probe00, probe01",2,True,"body, left, right",True,"body, left, right",DLC + Lightning Pose,228,"HB, HPF, CB, Isocortex",HB:98; HPF:93; CB:49; Isocortex:18,4
ff96bfe1-d925-4553-94b5-bf8297adf259,ibl_witten_26,wittenlab,2021-01-27,2,,True,"probe00, probe01",2,True,"left, right",True,"left, right",DLC + Lightning Pose,250,"TH, CB, HB, HPF, Isocortex",TH:96; CB:71; HB:53; HPF:7; Isocortex:1,5
a9138924-4395-4981-83d1-530f6ff7c8fc,ibl_witten_26,wittenlab,2021-01-28,1,,True,"probe00, probe01",2,True,"left, right",True,"left, right",DLC + Lightning Pose,220,"TH, CB, CTXsp, HPF, CNU",TH:52; CB:50; CTXsp:16; HPF:3; CNU:1,5
8c2f7f4d-7346-42a4-a715-4d37a5208535,ibl_witten_26,wittenlab,2021-01-29,1,,True,probe01,1,True,"left, right",True,"left, right",DLC + Lightning Pose,133,"HB, CB",HB:86; CB:35,2
09394481-8dd2-4d5c-9327-f2753ede92d7,ibl_witten_26,wittenlab,2021-01-30,1,,True,"probe00, probe01",2,True,"left, right",True,"left, right",DLC + Lightning Pose,218,"HB, CB",HB:271; CB:65,2
dc21e80d-97d7-44ca-a729-a8e3f9b14305,ibl_witten_26,wittenlab,2021-01-31,1,,True,probe00,1,True,"left, right",True,"left, right",DLC + Lightning Pose,136,"HPF, CB, Isocortex",HPF:20; CB:7; Isocortex:2,3
25d1920e-a2af-4b6c-9f2e-fc6c65576544,ibl_witten_27,wittenlab,2021-01-13,2,,True,"probe00, probe01",2,True,"body, left, right",True,"body, left, right",DLC + Lightning Pose,231,"HB, CB",HB:164; CB:66,2
91e04f86-89df-4dec-a8f8-fa915c9a5f1a,ibl_witten_27,wittenlab,2021-01-15,1,,True,probe00,1,True,"body, left, right",True,"body, left, right",DLC + Lightning Pose,139,CB,CB:94,1
c728f6fd-58e2-448d-aefb-a72c637b604c,ibl_witten_27,wittenlab,2021-01-16,3,,True,"probe00, probe01",2,False,,False,,Neither,204,"HB, CB",HB:125; CB:48,2
952870e5-f2a7-4518-9e6d-71585460f6fe,ibl_witten_27,wittenlab,2021-01-19,1,,True,"probe00, probe01",2,True,"body, left, right",True,"body, left, right",DLC + Lightning Pose,231,"MB, Isocortex, HPF",MB:73; Isocortex:31; HPF:25,3
f304211a-81b1-446f-a435-25e589fe3a5a,ibl_witten_27,wittenlab,2021-01-20,1,,True,"probe00, probe01",2,True,"body, left, right",True,"body, left, right",DLC + Lightning Pose,228,"Isocortex, MB, HPF",Isocortex:31; MB:23; HPF:11,3
73918ae1-e4fd-4c18-b132-00cb555b1ad2,ibl_witten_27,wittenlab,2021-01-21,1,,True,"probe00, probe01",2,True,"body, left, right",True,"body, left, right",DLC + Lightning Pose,256,"TH, HPF, Isocortex, CTXsp, MB, HY, OLF",TH:90; HPF:46; Isocortex:9; CTXsp:8; MB:4; HY:2; OLF:2,7
d2832a38-27f6-452d-91d6-af72d794136c,ibl_witten_29,wittenlab,2021-06-08,1,,True,probe00,1,True,"body, left, right",True,"body, left, right",DLC + Lightning Pose,171,"TH, HPF, Isocortex",TH:130; HPF:13; Isocortex:5,3
0cc486c3-8c7b-494d-aa04-b70e2690bcba,ibl_witten_29,wittenlab,2021-06-09,2,,True,"probe00, probe01",2,True,"body, left, right",True,"body, left, right",DLC + Lightning Pose,238,"CNU, Isocortex, HY, TH",CNU:87; Isocortex:21; HY:8; TH:7,4
e9fc0a2d-c69d-44d1-9fa3-314782387cae,ibl_witten_29,wittenlab,2021-06-10,3,,True,probe00,1,True,"body, left, right",True,"body, left, right",DLC + Lightning Pose,145,"CNU, Isocortex",CNU:76; Isocortex:4,2
72028382-a869-4745-bacf-cb8789e16953,ibl_witten_29,wittenlab,2021-06-11,1,,True,probe00,1,True,"body, left, right",True,"body, left, right",DLC + Lightning Pose,149,"CNU, CTXsp, OLF, Isocortex",CNU:52; CTXsp:37; OLF:31; Isocortex:17,4
af55d16f-0e31-4073-bdb5-26da54914aa2,ibl_witten_29,wittenlab,2021-06-14,3,,True,probe00,1,True,"left, right",True,"left, right",DLC + Lightning Pose,137,"CNU, Isocortex",CNU:72; Isocortex:18,2
821f1883-27f3-411d-afd3-fb8241bbc39a,ibl_witten_29,wittenlab,2021-06-16,1,,True,probe00,1,True,"body, left, right",True,"body, left, right",DLC + Lightning Pose,142,Isocortex,Isocortex:160,1
69a0e953-a643-4f0e-bb26-dc65af3ea7d7,ibl_witten_29,wittenlab,2021-06-17,1,,True,probe00,1,True,"body, left, right",True,"body, left, right",DLC + Lightning Pose,149,"TH, Isocortex",TH:29; Isocortex:8,2
86b6ba67-c1db-4333-add0-f8105ea6e363,ibl_witten_29,wittenlab,2021-06-18,1,,True,"probe00, probe01",2,True,"body, left, right",True,"body, left, right",DLC + Lightning Pose,234,"HB, MB, CB, Isocortex",HB:18; MB:11; CB:7; Isocortex:1,4
58b1e920-cfc8-467e-b28b-7654a55d0977,ibl_witten_29,wittenlab,2021-06-19,1,,True,probe00,1,True,"body, left, right",True,"body, left, right",DLC + Lightning Pose,153,"Isocortex, MB",Isocortex:24; MB:15,2
08102cfc-a040-4bcf-b63c-faa0f4914a6f,ibl_witten_32,wittenlab,2021-07-21,2,,True,probe01,1,True,"body, left, right",True,"body, left, right",DLC + Lightning Pose,148,"Isocortex, CNU, OLF",Isocortex:21; CNU:6; OLF:6,3
3e7ae7c0-fe8b-487c-9354-036236fa1010,CSH_ZAD_001,zadorlab,2020-01-16,1,,True,probe00,1,True,left,True,left,DLC + Lightning Pose,124,"MB, HY, TH",MB:38; HY:6; TH:1,3
5b44c40f-80f4-44fb-abfb-c7f19e27a6ca,CSH_ZAD_011,zadorlab,2020-03-21,1,,True,"probe00, probe01",2,True,left,True,left,DLC + Lightning Pose,215,"HPF, MB, HB, Isocortex",HPF:63; MB:49; HB:13; Isocortex:9,4
03cf52f6-fba6-4743-a42e-dd1ac3072343,CSH_ZAD_011,zadorlab,2020-03-22,1,,True,"probe00, probe01",2,False,,False,,Neither,242,"MB, TH, HPF, Isocortex",MB:66; TH:26; HPF:23; Isocortex:4,4
da188f2c-553c-4e04-879b-c9ea2d1b9a93,CSH_ZAD_011,zadorlab,2020-03-23,1,,True,"probe00, probe01",2,False,,False,,Neither,207,"HPF, MB, Isocortex",HPF:141; MB:56; Isocortex:8,3
7f6b86f9-879a-4ea2-8531-294a221af5d0,CSH_ZAD_019,zadorlab,2020-08-14,1,,True,"probe00, probe01",2,True,"body, left, right",True,"body, left, right",DLC + Lightning Pose,261,"Isocortex, MB, HPF",Isocortex:89; MB:62; HPF:41,3
5adab0b7-dfd0-467d-b09d-43cb7ca5d59c,CSH_ZAD_019,zadorlab,2020-08-16,1,,True,"probe00, probe01",2,True,"body, left, right",True,"body, left, right",DLC + Lightning Pose,241,"TH, Isocortex, HPF, HY",TH:180; Isocortex:93; HPF:23; HY:10,4
49e0ab27-827a-4c91-bcaa-97eea27a1b8d,CSH_ZAD_019,zadorlab,2020-08-18,1,,True,"probe00, probe01",2,True,"body, left, right",True,"body, left, right",DLC + Lightning Pose,241,"Isocortex, MB, HPF, TH",Isocortex:55; MB:53; HPF:16; TH:7,4
edd22318-216c-44ff-bc24-49ce8be78374,CSH_ZAD_019,zadorlab,2020-08-19,1,,True,"probe00, probe01",2,True,"body, left, right",True,"body, left, right",DLC + Lightning Pose,234,"MB, HPF, Isocortex",MB:78; HPF:28; Isocortex:23,3
8db36de1-8f17-4446-b527-b5d91909b45a,CSH_ZAD_022,zadorlab,2020-05-19,1,,True,probe01,1,True,left,True,left,DLC + Lightning Pose,128,"CB, HB",CB:71; HB:59,2
1eac875c-feaa-4a30-b148-059b954b11d8,CSH_ZAD_022,zadorlab,2020-05-20,1,,True,probe01,1,True,left,True,left,DLC + Lightning Pose,132,CB,CB:123,1
41431f53-69fd-4e3b-80ce-ea62e03bf9c7,CSH_ZAD_022,zadorlab,2020-05-21,1,,True,"probe00, probe01",2,True,left,True,left,DLC + Lightning Pose,224,"HB, Isocortex, HPF, CB",HB:131; Isocortex:63; HPF:47; CB:46,4
a66f1593-dafd-4982-9b66-f9554b6c86b5,CSH_ZAD_022,zadorlab,2020-05-23,1,,True,"probe00, probe01",2,True,left,True,left,DLC + Lightning Pose,243,"MB, HB, HPF, Isocortex",MB:97; HB:90; HPF:9; Isocortex:8,4
a82800ce-f4e3-4464-9b80-4c3d6fade333,CSH_ZAD_022,zadorlab,2020-05-24,1,,True,"probe00, probe01",2,True,left,True,left,DLC + Lightning Pose,218,"TH, HPF, Isocortex, CTXsp, HY, MB, OLF",TH:71; HPF:52; Isocortex:29; CTXsp:25; HY:15; MB:12; OLF:4,7
6a601cc5-7b79-4c75-b0e8-552246532f82,CSH_ZAD_022,zadorlab,2020-05-25,2,,True,"probe00, probe01",2,True,left,True,left,DLC + Lightning Pose,222,"MB, HB, HPF, Isocortex",MB:108; HB:73; HPF:36; Isocortex:11,4
90e74228-fd1a-482f-bd56-05dbad132861,CSH_ZAD_022,zadorlab,2020-05-26,1,,True,probe00,1,True,left,True,left,DLC + Lightning Pose,127,"HY, MB, TH",HY:38; MB:35; TH:11,3
b81e3e11-9a60-4114-b894-09f85074d9c3,CSH_ZAD_022,zadorlab,2020-05-27,1,,True,probe00,1,False,,False,,Neither,112,"MB, HY",MB:20; HY:7,2
8207abc6-6b23-4762-92b4-82e05bed5143,CSH_ZAD_024,zadorlab,2020-06-08,1,,True,"probe00, probe01",2,True,left,True,left,DLC + Lightning Pose,219,"Isocortex, CNU, OLF",Isocortex:137; CNU:126; OLF:115,3
20c112a1-8a42-44e0-a4cd-e5b932f7bda9,CSH_ZAD_025,zadorlab,2020-07-26,1,,True,"probe00, probe01",2,True,"left, right",True,"left, right",DLC + Lightning Pose,232,"CB, HB",CB:112; HB:99,2
549caacc-3bd7-40f1-913d-e94141816547,CSH_ZAD_025,zadorlab,2020-07-27,1,,True,"probe00, probe01",2,True,"left, right",True,"left, right",DLC + Lightning Pose,232,"HB, MB, Isocortex, CB",HB:131; MB:37; Isocortex:23; CB:15,4
6274dda8-3a59-4aa1-95f8-a8a549c46a26,CSH_ZAD_025,zadorlab,2020-07-30,1,,True,"probe00, probe01",2,True,"left, right",True,"left, right",DLC + Lightning Pose,230,"MB, HPF, Isocortex",MB:146; HPF:105; Isocortex:98,3
90c61c38-b9fd-4cc3-9795-29160d2f8e55,CSH_ZAD_025,zadorlab,2020-07-31,1,,True,probe00,1,True,"body, left, right",True,"body, left, right",DLC + Lightning Pose,145,"MB, Isocortex",MB:84; Isocortex:32,2
ff48aa1d-ef30-4903-ac34-8c41b738c1b9,CSH_ZAD_025,zadorlab,2020-08-03,1,,True,probe01,1,True,left,True,left,DLC + Lightning Pose,125,Isocortex,Isocortex:261,1
280ee768-f7b8-4c6c-9ea0-48ca75d6b6f3,CSH_ZAD_025,zadorlab,2020-08-04,2,,True,"probe00, probe01",2,True,"left, right",True,"left, right",DLC + Lightning Pose,232,"HPF, Isocortex, CNU",HPF:82; Isocortex:22; CNU:2,3
c557324b-b95d-414c-888f-6ee1329a2329,CSH_ZAD_025,zadorlab,2020-08-12,1,,True,"probe00, probe01",2,True,"left, right",True,"left, right",DLC + Lightning Pose,228,"TH, Isocortex, HPF, HY, MB",TH:126; Isocortex:67; HPF:65; HY:19; MB:12,5
5d01d14e-aced-4465-8f8e-9a1c674f62ec,CSH_ZAD_026,zadorlab,2020-08-14,2,,True,"probe00, probe01",2,True,"body, left, right",True,"body, left, right",DLC + Lightning Pose,241,"CNU, MB, Isocortex, OLF, HPF",CNU:140; MB:65; Isocortex:47; OLF:37; HPF:20,5
e56541a5-a6d5-4750-b1fe-f6b5257bfe7c,CSH_ZAD_026,zadorlab,2020-08-15,1,,True,"probe00, probe01",2,True,"body, left, right",True,"body, left, right",DLC + Lightning Pose,236,"Isocortex, CNU, CTXsp, OLF",Isocortex:125; CNU:109; CTXsp:37; OLF:35,4
81a78eac-9d36-4f90-a73a-7eb3ad7f770b,CSH_ZAD_026,zadorlab,2020-08-17,1,,True,"probe00, probe01",2,True,"body, left, right",True,"body, left, right",DLC + Lightning Pose,236,"Isocortex, CNU, CTXsp, OLF",Isocortex:173; CNU:76; CTXsp:55; OLF:4,4
626126d5-eecf-4e9b-900e-ec29a17ece07,CSH_ZAD_026,zadorlab,2020-08-18,1,,True,"probe00, probe01",2,True,"body, left, right",True,"body, left, right",DLC + Lightning Pose,240,"CNU, Isocortex, OLF, CTXsp",CNU:148; Isocortex:67; OLF:18; CTXsp:5,4
b69b86be-af7d-4ecf-8cbf-0cd356afa1bd,CSH_ZAD_026,zadorlab,2020-08-19,1,,True,"probe00, probe01",2,True,"body, left, right",True,"body, left, right",DLC + Lightning Pose,236,"HB, CNU, MB, Isocortex",HB:129; CNU:55; MB:55; Isocortex:17,4
15763234-d21e-491f-a01b-1238eb96d389,CSH_ZAD_026,zadorlab,2020-09-04,1,,True,probe00,1,True,"body, left, right",True,"body, left, right",DLC + Lightning Pose,172,"TH, HPF, Isocortex",TH:133; HPF:20; Isocortex:18,3
e349a2e7-50a3-47ca-bc45-20d1899854ec,CSH_ZAD_029,zadorlab,2020-09-11,1,,True,"probe00, probe01",2,True,"left, right",True,"left, right",DLC + Lightning Pose,226,"HPF, Isocortex, HB, CB, MB",HPF:69; Isocortex:50; HB:44; CB:10; MB:3,5
1ec23a70-b94b-4e9c-a0df-8c2151da3761,CSH_ZAD_029,zadorlab,2020-09-13,1,,True,"probe00, probe01",2,True,"left, right",True,"left, right",DLC + Lightning Pose,231,"HPF, Isocortex",HPF:221; Isocortex:26,2
fcd49e34-f07b-441c-b2ac-cb8c462ec5ac,CSH_ZAD_029,zadorlab,2020-09-14,1,,True,"probe00, probe01",2,True,"left, right",True,"left, right",DLC + Lightning Pose,224,"HPF, Isocortex",HPF:229; Isocortex:29,2
5522ac4b-0e41-4c53-836a-aaa17e82b9eb,CSH_ZAD_029,zadorlab,2020-09-15,1,,True,"probe00, probe01",2,True,"left, right",True,"left, right",DLC + Lightning Pose,230,"MB, Isocortex, HPF",MB:163; Isocortex:80; HPF:16,3
993c7024-0abc-4028-ad30-d397ad55b084,CSH_ZAD_029,zadorlab,2020-09-16,1,,True,"probe00, probe01",2,True,"left, right",True,"left, right",DLC + Lightning Pose,226,"HB, MB, Isocortex",HB:133; MB:120; Isocortex:27,3
fece187f-b47f-4870-a1d6-619afe942a7d,CSH_ZAD_029,zadorlab,2020-09-17,1,,True,"probe00, probe01",2,True,"left, right",True,"left, right",DLC + Lightning Pose,226,"HB, TH, Isocortex, MB",HB:197; TH:36; Isocortex:20; MB:13,4
c7bd79c9-c47e-4ea5-aea3-74dda991b48e,CSH_ZAD_029,zadorlab,2020-09-19,1,,True,"probe00, probe01",2,True,"body, left, right",True,right,DLC + Lightning Pose,269,"CNU, TH, Isocortex, OLF, CTXsp",CNU:84; TH:61; Isocortex:44; OLF:29; CTXsp:18,5
