subject,dataset_mouse_id,lab,date,session_number,eid,n_probes,n_good_units,probes
NYU-11,sub-NYU-11,angelakilab,2020-02-18,1,6713a4a7-faed-4df2-acab-ee4e63326f8d,1,76,probe00
NYU-11,sub-NYU-11,angelakilab,2020-02-21,1,56956777-dca5-468c-87cb-78150432cc57,2,264,"probe00, probe01"
NYU-12,sub-NYU-12,angelakilab,2020-01-20,1,4364a246-f8d7-4ce7-ba23-a098104b96e4,1,163,probe01
NYU-12,sub-NYU-12,angelakilab,2020-01-21,1,b182b754-3c3e-4942-8144-6ee790926b58,1,234,probe01
NYU-12,sub-NYU-12,angelakilab,2020-01-22,1,a8a8af78-16de-4841-ab07-fde4b5281a03,2,126,"probe00, probe01"
NYU-12,sub-NYU-12,angelakilab,2020-01-23,1,032ffcdf-7692-40b3-b9ff-8def1fc18b2e,2,132,"probe00, probe01"
NYU-21,sub-NYU-21,angelakilab,2020-08-13,2,8c33abef-3d3e-4d42-9f27-445e9def08f9,2,263,"probe00, probe01"
NYU-21,sub-NYU-21,angelakilab,2020-08-19,1,ebe2efe3-e8a1-451a-8947-76ef42427cc9,2,105,"probe00, probe01"
NYU-30,sub-NYU-30,angelakilab,2020-10-20,1,77e6dc6a-66ed-433c-b1a2-778c914f523c,1,95,probe00
NYU-30,sub-NYU-30,angelakilab,2020-10-21,1,5569f363-0934-464e-9a5b-77c8e67791a1,1,105,probe00
NYU-30,sub-NYU-30,angelakilab,2020-10-22,1,5ec72172-3901-4771-8777-6e9490ca51fc,2,198,"probe00, probe01"
NYU-37,sub-NYU-37,angelakilab,2021-01-25,1,7af49c00-63dd-4fed-b2e0-1b3bd945b20b,2,260,"probe00, probe01"
NYU-37,sub-NYU-37,angelakilab,2021-01-26,1,f88d4dd4-ccd7-400e-9035-fa00be3bcfa8,2,288,"probe00, probe01"
NYU-37,sub-NYU-37,angelakilab,2021-01-27,1,83d85891-bd75-4557-91b4-1cbb5f8bfc9d,2,230,"probe00, probe01"
NYU-37,sub-NYU-37,angelakilab,2021-01-30,1,aec5d3cc-4bb2-4349-80a9-0395b76f04e2,2,439,"probe00, probe01"
NYU-37,sub-NYU-37,angelakilab,2021-02-01,1,21d21fc3-4201-4edc-802a-c67b61952548,1,61,probe00
NYU-39,sub-NYU-39,angelakilab,2021-05-10,1,6ed57216-498d-48a6-b48b-a243a34710ea,2,156,"probe00, probe01"
NYU-39,sub-NYU-39,angelakilab,2021-05-11,1,35ed605c-1a1a-47b1-86ff-2b56144f55af,2,195,"probe00, probe01"
NYU-39,sub-NYU-39,angelakilab,2021-05-12,1,fa1f26a1-eb49-4b24-917e-19f02a18ac61,2,129,"probe00, probe01"
NYU-39,sub-NYU-39,angelakilab,2021-05-13,2,ee212778-3903-4f5b-ac4b-a72f22debf03,2,146,"probe00, probe01"
NYU-39,sub-NYU-39,angelakilab,2021-05-14,1,91a3353a-2da1-420d-8c7c-fad2fedfdd18,2,68,"probe00, probe01"
NYU-40,sub-NYU-40,angelakilab,2021-04-13,1,5157810e-0fff-4bcf-b19d-32d4e39c7dfc,2,186,"probe00, probe01"
NYU-40,sub-NYU-40,angelakilab,2021-04-14,1,8ca740c5-e7fe-430a-aa10-e74e9c3cbbe8,2,136,"probe00, probe01"
NYU-40,sub-NYU-40,angelakilab,2021-04-15,1,71855308-7e54-41d7-a7a4-b042e78e3b4f,2,421,"probe00, probe01"
NYU-40,sub-NYU-40,angelakilab,2021-04-16,2,f359281f-6941-4bfd-90d4-940be22ed3c3,2,63,"probe00, probe01"
NYU-45,sub-NYU-45,angelakilab,2021-07-19,1,51e53aff-1d5d-4182-a684-aba783d50ae5,2,265,"probe00, probe01"
NYU-45,sub-NYU-45,angelakilab,2021-07-20,2,537677fe-1e24-4755-948c-fa4a4e8ecce5,2,230,"probe00, probe01"
NYU-45,sub-NYU-45,angelakilab,2021-07-23,1,5bcafa14-71cb-42fa-8265-ce5cda1b89e0,2,206,"probe00, probe01"
NYU-46,sub-NYU-46,angelakilab,2021-06-22,1,d32876dd-8303-4720-8e7e-20678dc2fd71,1,32,probe00
NYU-46,sub-NYU-46,angelakilab,2021-06-23,1,72982282-e493-45ee-87ce-aa45cb3a3ec1,2,81,"probe00, probe01"
NYU-46,sub-NYU-46,angelakilab,2021-06-24,1,6434f2f5-6bce-42b8-8563-d93d493613a2,1,87,probe00
NYU-46,sub-NYU-46,angelakilab,2021-06-25,1,64e3fb86-928c-4079-865c-b364205b502e,1,25,probe01
NYU-47,sub-NYU-47,angelakilab,2021-06-22,1,15948667-747b-4702-9d53-354ac70e9119,2,287,"probe00, probe01"
NYU-47,sub-NYU-47,angelakilab,2021-06-24,3,288bfbf3-3700-4abe-b6e4-130b5c541e61,2,58,"probe00, probe01"
NYU-47,sub-NYU-47,angelakilab,2021-06-25,1,fc43390d-457e-463a-9fd4-b94a0a8b48f5,2,135,"probe00, probe01"
NYU-48,sub-NYU-48,angelakilab,2021-06-29,1,a405053a-eb13-4aa4-850c-5a337e5dc7fd,2,79,"probe00, probe01"
NYU-48,sub-NYU-48,angelakilab,2021-07-01,1,93ad879a-aa42-4150-83e1-38773c9785e4,2,312,"probe00, probe01"
NYU-48,sub-NYU-48,angelakilab,2021-07-02,1,3d59aa1a-b4ba-47fe-b9cf-741b5fdb0c7b,2,166,"probe00, probe01"
NYU-65,sub-NYU-65,angelakilab,2022-09-12,2,a2ec6341-c55f-48a0-a23b-0ef2f5b1d71e,2,183,"probe00, probe01"
NYU-65,sub-NYU-65,angelakilab,2022-09-15,1,8c025071-c4f3-426c-9aed-f149e8f75b7b,2,242,"probe00, probe01"
NYU-65,sub-NYU-65,angelakilab,2022-09-16,1,bb8d9451-fdbd-4f46-b52e-9290e8f84d2e,2,290,"probe00, probe01"
CSHL045,sub-CSHL045,churchlandlab,2020-02-24,1,034e726f-b35f-41e0-8d6c-a22cc32391fb,2,140,"probe00, probe01"
CSHL045,sub-CSHL045,churchlandlab,2020-02-25,2,dfd8e7df-dc51-4589-b6ca-7baccfeb94b4,1,91,probe01
CSHL045,sub-CSHL045,churchlandlab,2020-02-26,1,fa704052-147e-46f6-b190-a65b837e605e,2,136,"probe00, probe01"
CSHL045,sub-CSHL045,churchlandlab,2020-02-27,1,46794e05-3f6a-4d35-afb3-9165091a5a74,1,131,probe01
CSHL045,sub-CSHL045,churchlandlab,2020-02-28,1,7939711b-8b4d-4251-b698-b97c1eaa846e,1,233,probe01
CSHL047,sub-CSHL047,churchlandlab,2020-01-21,1,b52182e7-39f6-4914-9717-136db589706e,2,159,"probe00, probe01"
CSHL047,sub-CSHL047,churchlandlab,2020-01-22,2,2d5f6d81-38c4-4bdc-ac3c-302ea4d5f46e,2,145,"probe00, probe01"
CSHL049,sub-CSHL049,churchlandlab,2020-01-08,1,4b7fbad4-f6de-43b4-9b15-c7c7ef44db4b,2,183,"probe00, probe01"
CSHL049,sub-CSHL049,churchlandlab,2020-01-09,1,c99d53e6-c317-4c53-99ba-070b26673ac4,1,67,probe00
CSHL049,sub-CSHL049,churchlandlab,2020-01-10,2,d2918f52-8280-43c0-924b-029b2317e62c,1,218,probe00
CSHL049,sub-CSHL049,churchlandlab,2020-01-11,1,d839491f-55d8-4cbe-a298-7839208ba12b,2,113,"probe00, probe01"
CSHL051,sub-CSHL051,churchlandlab,2020-02-05,1,ecb5520d-1358-434c-95ec-93687ecd1396,2,133,"probe00, probe01"
CSHL052,sub-CSHL052,churchlandlab,2020-02-17,3,3663d82b-f197-4e8b-b299-7b803a155b84,2,179,"probe00, probe01"
CSHL052,sub-CSHL052,churchlandlab,2020-02-18,2,85dc2ebd-8aaf-46b0-9284-a197aee8b16f,1,146,probe00
CSHL052,sub-CSHL052,churchlandlab,2020-02-19,2,5386aba9-9b97-4557-abcd-abc2da66b863,1,59,probe00
CSHL052,sub-CSHL052,churchlandlab,2020-02-20,1,83e77b4b-dfa0-4af9-968b-7ea0c7a0c7e4,2,100,"probe00, probe01"
CSHL052,sub-CSHL052,churchlandlab,2020-02-21,1,4b00df29-3769-43be-bb40-128b1cba6d35,2,109,"probe00, probe01"
CSHL053,sub-CSHL053,churchlandlab,2020-01-29,1,12dc8b34-b18e-4cdd-90a9-da134a9be79c,1,32,probe00
CSHL053,sub-CSHL053,churchlandlab,2020-01-30,1,0deb75fb-9088-42d9-b744-012fb8fc4afb,1,75,probe00
CSHL053,sub-CSHL053,churchlandlab,2020-02-01,1,eef82e27-c20e-48da-b4b7-c443031649e3,1,146,probe00
CSHL053,sub-CSHL053,churchlandlab,2020-02-02,2,810b1e07-009e-4ebe-930a-915e4cd8ece4,2,411,"probe00, probe01"
CSHL054,sub-CSHL054,churchlandlab,2020-02-11,1,a71175be-d1fd-47a3-aa93-b830ea3634a1,2,119,"probe00, probe01"
CSHL055,sub-CSHL055,churchlandlab,2020-02-17,1,0cbeae00-e229-4b7d-bdcc-1b0569d7e0c3,2,171,"probe00, probe01"
CSHL058,sub-CSHL058,churchlandlab,2020-07-07,1,f312aaec-3b6f-44b3-86b4-3a0c119c0438,2,183,"probe00, probe01"
CSHL058,sub-CSHL058,churchlandlab,2020-07-08,1,fb70ebf7-8175-42b0-9b7a-7c6e8612226e,2,267,"probe00, probe01"
CSHL058,sub-CSHL058,churchlandlab,2020-07-11,3,28741f91-c837-4147-939e-918d38d849f2,2,119,"probe00, probe01"
CSHL059,sub-CSHL059,churchlandlab,2020-03-03,1,d2f5a130-b981-4546-8858-c94ae1da75ff,2,163,"probe00, probe01"
CSHL059,sub-CSHL059,churchlandlab,2020-03-05,1,57b5ae8f-d446-4161-b439-b191c5e3e77b,2,100,"probe00, probe01"
CSHL059,sub-CSHL059,churchlandlab,2020-03-06,1,dda5fc59-f09a-4256-9fb5-66c67667a466,2,187,"probe00, probe01"
CSHL059,sub-CSHL059,churchlandlab,2020-03-07,2,d16a9a8d-5f42-4b49-ba58-1746f807fcc1,1,3,probe01
CSHL059,sub-CSHL059,churchlandlab,2020-03-08,1,37e96d0b-5b4b-4c6e-9b29-7edbdc94bbd0,2,193,"probe00, probe01"
CSHL060,sub-CSHL060,churchlandlab,2020-03-09,2,2e6e179c-fccc-4e8f-9448-ce5b6858a183,2,164,"probe00, probe01"
CSHL060,sub-CSHL060,churchlandlab,2020-03-11,4,1191f865-b10a-45c8-9c48-24a980fd9402,2,252,"probe00, probe01"
CSHL060,sub-CSHL060,churchlandlab,2020-03-12,1,f10efe41-0dc0-44d0-8f26-5ff68dca23e9,2,426,"probe00, probe01"
CSHL060,sub-CSHL060,churchlandlab,2020-03-14,3,6364ff7f-6471-415a-ab9e-632a12052690,1,123,probe01
CSHL060,sub-CSHL060,churchlandlab,2020-03-15,1,7be8fec4-406b-4e74-8548-d2885dcc3d5e,2,189,"probe00, probe01"
MFD_05,sub-MFD_05,churchlandlab_ucla,2023-08-15,1,7dd27c2f-9544-448d-918d-be0f9837b0e0,1,143,probe00
MFD_05,sub-MFD_05,churchlandlab_ucla,2023-08-16,1,ca4ecb4c-4b60-4723-9b9e-2c54a6290a53,1,136,probe00
MFD_05,sub-MFD_05,churchlandlab_ucla,2023-08-17,1,004d8fd5-41e7-4f1b-a45b-0d4ad76fe446,1,202,probe00
MFD_06,sub-MFD_06,churchlandlab_ucla,2023-08-22,1,35eeb752-8f4f-4040-9714-ba0f5b7ccdfe,1,147,probe00
MFD_06,sub-MFD_06,churchlandlab_ucla,2023-08-23,1,97c1d08d-57b4-4595-8052-91eb84ebfd74,1,136,probe00
MFD_06,sub-MFD_06,churchlandlab_ucla,2023-08-24,1,a1782f4f-86b0-480c-a7f2-3d8f1ab482ab,1,113,probe00
MFD_06,sub-MFD_06,churchlandlab_ucla,2023-08-25,1,3f71aa98-08c6-4e79-b4c8-00eae4f03eff,1,147,probe00
MFD_07,sub-MFD_07,churchlandlab_ucla,2023-08-29,1,c46b8def-620d-4d70-9397-be5694255f73,1,294,probe00
MFD_07,sub-MFD_07,churchlandlab_ucla,2023-08-31,1,15b69921-d471-4ded-8814-2adad954bcd8,1,128,probe00
MFD_07,sub-MFD_07,churchlandlab_ucla,2023-09-01,1,11163613-a6c9-4975-9586-84dc00481547,1,138,probe00
MFD_08,sub-MFD_08,churchlandlab_ucla,2023-09-07,1,5ae68c54-2897-4d3a-8120-426150704385,1,134,probe00
MFD_08,sub-MFD_08,churchlandlab_ucla,2023-09-08,1,a7eba2cf-427f-4df9-879b-e53e962eae18,1,302,probe00
MFD_09,sub-MFD_09,churchlandlab_ucla,2023-10-19,1,ebce500b-c530-47de-8cb1-963c552703ea,1,291,probe00
UCLA005,sub-UCLA005,churchlandlab_ucla,2021-08-02,1,d57df551-6dcb-4242-9c72-b806cff5613a,1,53,probe00
UCLA006,sub-UCLA006,churchlandlab_ucla,2021-12-08,1,19e66dc9-bf9f-430b-9d6a-acfa85de6fb7,1,314,probe00
UCLA011,sub-UCLA011,churchlandlab_ucla,2021-07-20,1,824cf03d-4012-4ab1-b499-c83a92c5589e,1,62,probe00
UCLA012,sub-UCLA012,churchlandlab_ucla,2021-07-07,2,1f095590-6669-46c9-986b-ccaf0620c5e9,1,98,probe01
UCLA014,sub-UCLA014,churchlandlab_ucla,2021-08-18,1,03d9a098-07bf-4765-88b7-85f8d8f620cc,1,99,probe00
UCLA015,sub-UCLA015,churchlandlab_ucla,2022-03-31,1,0c828385-6dd6-4842-a702-c5075f5f5e81,1,133,probe00
UCLA017,sub-UCLA017,churchlandlab_ucla,2021-11-16,2,bb099402-fb31-4cfd-824e-1c97530a0875,1,257,probe00
UCLA030,sub-UCLA030,churchlandlab_ucla,2022-05-03,1,7f5df7eb-cf36-4589-a20a-14b535441142,1,343,probe00
UCLA033,sub-UCLA033,churchlandlab_ucla,2022-02-15,1,111c1762-7908-47e0-9f40-2f2ee55b6505,2,358,"probe00, probe01"
UCLA033,sub-UCLA033,churchlandlab_ucla,2022-02-17,1,5455a21c-1be7-4cae-ae8e-8853a8d5f55e,1,67,probe00
UCLA033,sub-UCLA033,churchlandlab_ucla,2022-02-24,1,32d27583-56aa-4510-bc03-669036edad20,1,159,probe00
UCLA034,sub-UCLA034,churchlandlab_ucla,2022-01-25,1,8a3a0197-b40a-449f-be55-c00b23253bbf,2,373,"probe00, probe01"
UCLA034,sub-UCLA034,churchlandlab_ucla,2022-01-26,1,ebc9392c-1ecb-4b4b-a545-4e3d70d23611,1,281,probe00
UCLA034,sub-UCLA034,churchlandlab_ucla,2022-01-27,1,19b44992-d527-4a12-8bda-aa11379cb08c,2,293,"probe00, probe01"
UCLA034,sub-UCLA034,churchlandlab_ucla,2022-01-28,1,3537d970-f515-4786-853f-23de525e110f,1,246,probe00
UCLA035,sub-UCLA035,churchlandlab_ucla,2022-02-18,1,6f36868f-5cc1-450c-82fa-6b9829ce0cfe,2,140,"probe00, probe01"
UCLA035,sub-UCLA035,churchlandlab_ucla,2022-02-24,1,f99ac31f-171b-4208-a55d-5644c0ad51c3,2,312,"probe00, probe01"
UCLA036,sub-UCLA036,churchlandlab_ucla,2022-03-09,1,e2b845a1-e313-4a08-bc61-a5f662ed295e,2,304,"probe00, probe01"
UCLA037,sub-UCLA037,churchlandlab_ucla,2022-02-02,1,2bdf206a-820f-402f-920a-9e86cd5388a4,2,376,"probe00, probe01"
UCLA037,sub-UCLA037,churchlandlab_ucla,2022-02-08,1,fa8ad50d-76f2-45fa-a52f-08fe3d942345,1,8,probe00
UCLA037,sub-UCLA037,churchlandlab_ucla,2022-02-09,1,8d316998-28c3-4265-b029-e2ca82375b2f,1,229,probe00
UCLA037,sub-UCLA037,churchlandlab_ucla,2022-02-10,1,bda2faf5-9563-4940-a80f-ce444259e47b,1,192,probe00
UCLA044,sub-UCLA044,churchlandlab_ucla,2022-04-14,1,91bac580-76ed-41ab-ac07-89051f8d7f6e,1,78,probe00
UCLA044,sub-UCLA044,churchlandlab_ucla,2022-04-22,1,23c75e0b-05d8-452e-8efb-a3687ab94079,1,123,probe00
UCLA048,sub-UCLA048,churchlandlab_ucla,2022-08-16,1,dc962048-89bb-4e6a-96a9-b062a2be1426,2,162,"probe00, probe01"
UCLA049,sub-UCLA049,churchlandlab_ucla,2022-08-02,1,0841d188-8ef2-4f20-9828-76a94d5343a4,2,128,"probe00, probe01"
UCLA049,sub-UCLA049,churchlandlab_ucla,2022-08-12,1,8a1cf4ef-06e3-4c72-9bc7-e1baa189841b,2,247,"probe00, probe01"
UCLA052,sub-UCLA052,churchlandlab_ucla,2022-07-12,1,687017d4-c9fc-458f-a7d5-0979fe1a7470,1,93,probe00
KS014,sub-KS014,cortexlab,2019-12-03,1,16693458-0801-4d35-a3f1-9115c7e5acfd,2,270,"probe00, probe01"
KS014,sub-KS014,cortexlab,2019-12-05,1,e1931de1-cf7b-49af-af33-2ade15e8abe7,2,171,"probe00, probe01"
KS014,sub-KS014,cortexlab,2019-12-07,1,b9c205c3-feac-485b-a89d-afc96d9cb280,1,97,probe00
KS016,sub-KS016,cortexlab,2019-12-05,1,6cf2a88a-515b-4f7f-89a2-7d53eab9b5f4,2,94,"probe00, probe01"
KS016,sub-KS016,cortexlab,2019-12-08,1,16c3667b-e0ea-43fb-9ad4-8dcd1e6c40e1,2,107,"probe00, probe01"
KS016,sub-KS016,cortexlab,2019-12-09,1,dd87e278-999d-478b-8cbd-b5bf92b84763,2,148,"probe00, probe01"
KS022,sub-KS022,cortexlab,2019-12-09,1,15f742e1-1043-45c9-9504-f1e8a53c1744,2,89,"probe00, probe01"
KS023,sub-KS023,cortexlab,2019-12-06,1,a4000c2f-fa75-4b3e-8f06-a7cf599b87ad,2,210,"probe00, probe01"
KS023,sub-KS023,cortexlab,2019-12-07,1,cc45c568-c3b9-4f74-836e-c87762e898c8,2,221,"probe00, probe01"
KS023,sub-KS023,cortexlab,2019-12-08,1,a92c4b1d-46bd-457e-a1f4-414265f0e2d4,2,122,"probe00, probe01"
KS023,sub-KS023,cortexlab,2019-12-10,1,aad23144-0e52-4eac-80c5-c4ee2decb198,2,270,"probe00, probe01"
KS042,sub-KS042,cortexlab,2020-11-23,1,8c552ddc-813e-4035-81cc-3971b57efe65,2,161,"probe00, probe01"
KS042,sub-KS042,cortexlab,2020-11-24,1,07dc4b76-5b93-4a03-82a0-b3d9cc73f412,2,201,"probe00, probe01"
KS043,sub-KS043,cortexlab,2020-12-06,1,9468fa93-21ae-4984-955c-e8402e280c83,2,162,"probe00, probe01"
KS043,sub-KS043,cortexlab,2020-12-07,1,e5c75b62-6871-4135-b3d0-f6464c2d90c0,2,95,"probe00, probe01"
KS044,sub-KS044,cortexlab,2020-12-07,1,a6fe44a8-07ab-49b8-81f9-e18575aa85cc,2,138,"probe00, probe01"
KS044,sub-KS044,cortexlab,2020-12-09,1,781b35fd-e1f0-4d14-b2bb-95b7263082bb,2,202,"probe00, probe01"
KS045,sub-KS045,cortexlab,2020-12-06,2,571d3ffe-54a5-473d-a265-5dc373eb7efc,2,171,"probe00, probe01"
KS046,sub-KS046,cortexlab,2020-12-02,1,0ac8d013-b91e-4732-bc7b-a1164ff3e445,2,94,"probe00, probe01"
KS046,sub-KS046,cortexlab,2020-12-03,1,69c9a415-f7fa-4208-887b-1417c1479b48,2,207,"probe00, probe01"
KS046,sub-KS046,cortexlab,2020-12-04,1,dfbe628d-365b-461c-a07f-8b9911ba83aa,2,351,"probe00, probe01"
KS046,sub-KS046,cortexlab,2020-12-05,1,aa3432cd-62bd-40bc-bc1c-a12d53bcbdcf,2,162,"probe00, probe01"
KS051,sub-KS051,cortexlab,2021-05-11,1,0a018f12-ee06-4b11-97aa-bbbff5448e9f,1,126,probe00
KS051,sub-KS051,cortexlab,2021-05-12,1,4503697e-af44-47d9-898d-4924be990240,1,23,probe01
KS051,sub-KS051,cortexlab,2021-05-13,1,7082d8ff-255a-47d7-a839-bf093483ec30,2,75,"probe00, probe01"
KS052,sub-KS052,cortexlab,2021-05-13,1,ac7d3064-7f09-48a3-88d2-e86a4eb86461,2,91,"probe00, probe01"
KS055,sub-KS055,cortexlab,2021-05-02,1,b22f694e-4a34-4142-ab9d-2556c3487086,2,272,"probe00, probe01"
KS055,sub-KS055,cortexlab,2021-05-03,1,872ce8ff-9fb3-485c-be00-bc5479e0095b,2,326,"probe00, probe01"
KS084,sub-KS084,cortexlab,2022-01-31,1,1b715600-0cbc-442c-bd00-5b0ac2865de1,2,131,"probe00, probe01"
KS086,sub-KS086,cortexlab,2022-03-15,1,e45481fa-be22-4365-972c-e7404ed8ab5a,2,167,"probe00, probe01"
KS086,sub-KS086,cortexlab,2022-03-16,1,ffef0311-8ffa-49e3-a857-b3adf6d86e12,1,90,probe00
KS091,sub-KS091,cortexlab,2022-07-04,1,78b4fff5-c5ec-44d9-b5f9-d59493063f00,2,116,"probe00, probe01"
KS091,sub-KS091,cortexlab,2022-07-05,1,196a2adf-ff83-49b2-823a-33f990049c2e,2,105,"probe00, probe01"
KS094,sub-KS094,cortexlab,2022-06-15,1,6b0b5d24-bcda-4053-a59c-beaa1fe03b8f,2,120,"probe00, probe01"
KS094,sub-KS094,cortexlab,2022-06-16,1,752456f3-9f47-4fbf-bd44-9d131c0f41aa,2,99,"probe00, probe01"
KS094,sub-KS094,cortexlab,2022-06-17,1,3f859b5c-e73a-4044-b49e-34bb81e96715,2,273,"probe00, probe01"
KS094,sub-KS094,cortexlab,2022-06-20,1,c8d46ee6-eb68-4535-8756-7c9aa32f10e4,1,131,probe00
KS096,sub-KS096,cortexlab,2022-06-15,1,1b9e349e-93f2-41cc-a4b5-b212d7ddc8df,2,224,"probe00, probe01"
KS096,sub-KS096,cortexlab,2022-06-16,1,f819d499-8bf7-4da0-a431-15377a8319d5,2,150,"probe00, probe01"
KS096,sub-KS096,cortexlab,2022-06-17,1,8928f98a-b411-497e-aa4b-aa752434686d,2,249,"probe00, probe01"
KS096,sub-KS096,cortexlab,2022-06-20,1,446f4724-1690-49f9-819a-2bd8e2ea88ce,1,79,probe00
KS096,sub-KS096,cortexlab,2022-06-21,1,a2701b93-d8e1-47e9-a819-f1063046f3e7,1,23,probe00
DY_008,sub-DY_008,danlab,2020-03-03,1,0f25376f-2b78-4ddc-8c39-b6cdbe7bf5b9,1,172,probe00
DY_008,sub-DY_008,danlab,2020-03-04,1,ee13c19e-2790-4418-97ca-48f02e8013bb,1,78,probe00
DY_009,sub-DY_009,danlab,2020-02-27,1,db4df448-e449-4a6f-a0e7-288711e7a75a,1,120,probe00
DY_009,sub-DY_009,danlab,2020-02-29,1,3dd347df-f14e-40d5-9ff2-9c49f84d2157,1,131,probe00
DY_009,sub-DY_009,danlab,2020-03-02,1,3c851386-e92d-4533-8d55-89a46f0e7384,1,67,probe00
DY_009,sub-DY_009,danlab,2020-03-03,1,158d5d35-a2ab-4a76-87b0-51048c5d5283,1,105,probe00
DY_009,sub-DY_009,danlab,2020-03-04,1,30e5937e-e86a-47e6-93ae-d2ae3877ff8e,1,110,probe00
DY_009,sub-DY_009,danlab,2020-03-05,1,413a6825-2144-4a50-b3fc-cf38ddd6fd1a,1,52,probe00
DY_009,sub-DY_009,danlab,2020-03-06,1,a19c7a3a-7261-42ce-95d5-1f4ca46007ed,1,80,probe00
DY_009,sub-DY_009,danlab,2020-03-07,1,e5c772cd-9c92-47ab-9525-d618b66a9b5d,1,176,probe00
DY_009,sub-DY_009,danlab,2020-03-09,1,6668c4a0-70a4-4012-a7da-709660971d7a,1,346,probe00
DY_010,sub-DY_010,danlab,2020-01-21,1,4fa70097-8101-4f10-b585-db39429c5ed0,1,103,probe00
DY_010,sub-DY_010,danlab,2020-01-23,1,90d1e82c-c96f-496c-ad4e-ee3f02067f25,1,103,probe00
DY_010,sub-DY_010,danlab,2020-01-24,1,bb6a5aae-2431-401d-8f6a-9fdd6de655a9,1,89,probe00
DY_010,sub-DY_010,danlab,2020-01-28,1,931a70ae-90ee-448e-bedb-9d41f3eda647,1,126,probe00
DY_010,sub-DY_010,danlab,2020-01-29,1,02fbb6da-3034-47d6-a61b-7d06c796a830,1,96,probe00
DY_011,sub-DY_011,danlab,2020-01-31,1,7bee9f09-a238-42cf-b499-f51f765c6ded,1,83,probe00
DY_011,sub-DY_011,danlab,2020-02-01,1,36280321-555b-446d-9b7d-c2e17991e090,1,59,probe00
DY_011,sub-DY_011,danlab,2020-02-07,1,741979ce-3f10-443a-8526-2275620c8473,1,84,probe00
DY_011,sub-DY_011,danlab,2020-02-08,1,cf43dbb1-6992-40ec-a5f9-e8e838d0f643,1,41,probe00
DY_013,sub-DY_013,danlab,2020-03-06,1,2f63c555-eb74-4d8d-ada5-5c3ecf3b46be,1,34,probe00
DY_013,sub-DY_013,danlab,2020-03-07,1,9a629642-3a9c-42ed-b70a-532db0e86199,1,134,probe00
DY_013,sub-DY_013,danlab,2020-03-12,1,e535fb62-e245-4a48-b119-88ce62a6fe67,2,107,"probe00, probe01"
DY_014,sub-DY_014,danlab,2020-07-13,1,f25642c6-27a5-4a97-9ea0-06652db79fbd,2,135,"probe00, probe01"
DY_014,sub-DY_014,danlab,2020-07-14,1,4720c98a-a305-4fba-affb-bbfa00a724a4,2,171,"probe00, probe01"
DY_014,sub-DY_014,danlab,2020-07-15,1,7622da34-51b6-4661-98ae-a57d40806008,2,42,"probe00, probe01"
DY_014,sub-DY_014,danlab,2020-07-16,1,b658bc7d-07cd-4203-8a25-7b16b549851b,2,148,"probe00, probe01"
DY_014,sub-DY_014,danlab,2020-07-17,1,bd456d8f-d36e-434a-8051-ff3997253802,2,228,"probe00, probe01"
DY_014,sub-DY_014,danlab,2020-07-18,1,ee8b36de-779f-4dea-901f-e0141c95722b,2,220,"probe00, probe01"
DY_014,sub-DY_014,danlab,2020-07-19,1,b39752db-abdb-47ab-ae78-e8608bbf50ed,2,147,"probe00, probe01"
DY_016,sub-DY_016,danlab,2020-09-11,1,5339812f-8b91-40ba-9d8f-a559563cc46b,2,469,"probe00, probe01"
DY_016,sub-DY_016,danlab,2020-09-12,1,d23a44ef-1402-4ed7-97f5-47e9a7a504d9,2,398,"probe00, probe01"
DY_016,sub-DY_016,danlab,2020-09-13,1,c3d9b6fb-7fa9-4413-a364-92a54df0fc5d,2,191,"probe00, probe01"
DY_016,sub-DY_016,danlab,2020-09-14,1,aa20388b-9ea3-4506-92f1-3c2be84b85db,2,192,"probe00, probe01"
DY_016,sub-DY_016,danlab,2020-09-15,1,251ece37-7798-477c-8a06-2845d4aa270c,2,264,"probe00, probe01"
DY_018,sub-DY_018,danlab,2020-10-15,1,54238fd6-d2d0-4408-b1a9-d19d24fd29ce,2,241,"probe00, probe01"
DY_018,sub-DY_018,danlab,2020-10-17,1,e8b4fda3-7fe4-4706-8ec2-91036cfee6bd,2,175,"probe00, probe01"
DY_018,sub-DY_018,danlab,2020-10-20,1,cde63527-7f5a-4cc3-8ac2-215d82e7da26,2,80,"probe00, probe01"
DY_020,sub-DY_020,danlab,2020-09-29,1,4a45c8ba-db6f-4f11-9403-56e06a33dfa4,2,435,"probe00, probe01"
DY_020,sub-DY_020,danlab,2020-09-30,1,f7335a49-4a98-46d2-a8ce-d041d2eac1d6,2,263,"probe00, probe01"
DY_020,sub-DY_020,danlab,2020-10-01,1,9eec761e-9762-4897-b308-a3a08c311e69,2,211,"probe00, probe01"
DY_020,sub-DY_020,danlab,2020-10-02,1,9fe512b8-92a8-4642-83b6-01158ab66c3c,2,173,"probe00, probe01"
DY_020,sub-DY_020,danlab,2020-10-03,1,26aa51ff-968c-42e4-85c8-8ff47d19254d,2,200,"probe00, probe01"
DY_020,sub-DY_020,danlab,2020-10-04,1,e012d3e3-fdbc-4661-9ffa-5fa284e4e706,2,162,"probe00, probe01"
DY_020,sub-DY_020,danlab,2020-10-05,1,948fd27b-507b-41b3-bdf8-f9f5f0af8e0b,2,184,"probe00, probe01"
DY_020,sub-DY_020,danlab,2020-10-06,1,2e22c1fc-eec6-4856-85a0-7dba8668f646,2,306,"probe00, probe01"
PL015,sub-PL015,hausserlab,2022-02-20,1,64977c74-9c04-437a-9ea1-50386c4996db,1,63,probe00
PL015,sub-PL015,hausserlab,2022-02-21,2,9a6e127b-bb07-4be2-92e2-53dd858c2762,1,107,probe00
PL015,sub-PL015,hausserlab,2022-02-22,1,09156021-9a1d-4e1d-ae59-48cbde3c5d42,1,81,probe00
PL015,sub-PL015,hausserlab,2022-02-23,1,90e524a2-aa63-47ce-b5b8-1b1941a1223a,1,134,probe00
PL015,sub-PL015,hausserlab,2022-07-21,1,1d4a7bd6-296a-48b9-b20e-bd0ac80750a5,1,11,probe00
PL016,sub-PL016,hausserlab,2022-01-17,1,58c4bf97-ec3b-45b4-9db4-d5d9515d5b00,1,155,probe00
PL017,sub-PL017,hausserlab,2021-11-07,1,10fac7a1-919d-4ca7-83c4-4675bd8d9416,1,140,probe00
PL017,sub-PL017,hausserlab,2021-11-09,1,8b1f4024-3d96-4ee7-95f9-8a1dfd4ce4ef,1,39,probe00
PL017,sub-PL017,hausserlab,2021-11-14,1,68775ca0-b056-48d5-b6ae-a4c2a76ae48f,1,138,probe00
PL017,sub-PL017,hausserlab,2021-11-15,1,f27e6cd6-cdd3-4524-b8e3-8146046e2a7d,1,129,probe00
PL017,sub-PL017,hausserlab,2021-11-16,1,d71e565d-4ddb-42df-849e-f99cfdeced52,2,173,"probe00, probe01"
PL017,sub-PL017,hausserlab,2021-11-30,1,1b61b7f2-a599-4e40-abd6-3e758d2c9e25,1,79,probe00
PL017,sub-PL017,hausserlab,2021-12-01,1,cea755db-4eee-4138-bdd6-fc23a572f5a1,1,134,probe00
PL024,sub-PL024,hausserlab,2021-12-04,1,30af8629-7b96-45b7-8778-374720ddbc5e,1,126,probe00
PL030,sub-PL030,hausserlab,2022-09-12,1,283ecb4c-e529-409c-9f0a-8ea5191dcf50,1,47,probe00
PL030,sub-PL030,hausserlab,2022-09-14,1,6bf810fd-fbeb-4eea-9ea7-b6791d002b22,1,127,probe00
PL030,sub-PL030,hausserlab,2022-09-15,1,bd07e3a7-09c3-4b67-996b-42b6d5cedf1c,1,175,probe00
PL030,sub-PL030,hausserlab,2022-09-16,1,c16d3557-b2c1-4545-93d0-112ac0915d93,1,459,probe00
PL030,sub-PL030,hausserlab,2022-10-06,1,2038e95d-64d4-4ecb-83d0-1308d3c598f8,1,130,probe00
PL030,sub-PL030,hausserlab,2022-10-08,1,500a71dd-8768-4211-a1fe-1fafc9fcbf29,1,36,probe00
PL030,sub-PL030,hausserlab,2022-10-13,1,61caa69d-088b-465a-b9d0-d75341dabac6,1,188,probe00
PL030,sub-PL030,hausserlab,2022-10-17,2,233617ec-c5cf-4eda-afc8-3b1d94f36d73,1,79,probe00
PL031,sub-PL031,hausserlab,2022-11-15,1,ef38e503-dd79-4185-bf87-4712d4f274fe,1,104,probe00
PL031,sub-PL031,hausserlab,2022-11-16,1,fbd28ea6-3251-48e0-b215-2c51ec5185f7,1,48,probe00
PL031,sub-PL031,hausserlab,2022-11-17,1,9fcbd1a0-77e6-4c41-9428-eeaee74becd5,1,21,probe00
PL031,sub-PL031,hausserlab,2022-11-19,1,c23b4118-db40-4333-af1d-933154b533c6,1,79,probe00
PL031,sub-PL031,hausserlab,2022-12-07,1,c8e11fd8-d130-4f06-abba-9aa20240ce7c,1,99,probe00
PL033,sub-PL033,hausserlab,2022-10-04,2,62902992-8432-46fb-af12-6392012e58c7,1,99,probe00
PL033,sub-PL033,hausserlab,2022-10-05,1,4546cd60-fa2a-4d20-a9b6-d091e01d16f2,1,41,probe00
PL033,sub-PL033,hausserlab,2022-10-06,1,cef05f87-161b-4031-932c-6f47daf89698,1,114,probe00
PL033,sub-PL033,hausserlab,2022-10-07,1,75db708a-9952-4452-a5b1-a851d88f8e28,1,31,probe00
PL033,sub-PL033,hausserlab,2022-10-10,1,7f150b7c-c261-46e6-9edb-cc391c9d9f03,1,87,probe00
PL033,sub-PL033,hausserlab,2022-10-11,1,837b4e6a-ccfd-49b0-a1dd-3aa53fbf2ecb,1,235,probe00
PL033,sub-PL033,hausserlab,2022-10-12,1,9fc31d79-b56f-46d0-92a0-e9563caf4a7a,1,67,probe00
PL033,sub-PL033,hausserlab,2022-10-25,1,a34b4013-414b-42ed-9318-e93fbbc71e7b,1,32,probe00
PL033,sub-PL033,hausserlab,2022-10-26,1,49250fba-801c-4867-a0a7-a1e19538cb61,1,22,probe00
PL033,sub-PL033,hausserlab,2022-10-28,1,2ab7d2c2-bcb7-4ae6-9626-f3786c22d970,1,38,probe00
PL033,sub-PL033,hausserlab,2022-10-29,2,94dabed1-741c-4ddd-a6b7-70561e27b750,1,76,probe00
PL033,sub-PL033,hausserlab,2022-11-02,1,be164a14-6e73-42c3-ab60-d29c48693c0f,1,191,probe00
PL033,sub-PL033,hausserlab,2022-11-03,1,37ac03f1-9831-4a30-90fc-a59e635b98bd,1,71,probe00
PL034,sub-PL034,hausserlab,2022-10-18,1,87ad026d-5b95-4022-8d59-c260870d830f,1,47,probe00
PL034,sub-PL034,hausserlab,2022-10-19,1,3bb54985-77b2-421d-9d1f-46185be51216,1,10,probe00
PL034,sub-PL034,hausserlab,2022-10-20,1,6cbeead9-bb7a-40e1-8ccd-47ae60239654,1,67,probe00
PL035,sub-PL035,hausserlab,2023-04-12,1,a2b9fbbe-79fc-4166-a16e-b307813a2f06,1,87,probe00
PL035,sub-PL035,hausserlab,2023-04-13,1,5437ec1f-6535-470c-80b8-4c8806ee085d,1,43,probe00
PL035,sub-PL035,hausserlab,2023-04-14,1,36573e0b-ddd6-4504-94ec-9a23c877486c,1,65,probe00
PL035,sub-PL035,hausserlab,2023-04-15,1,04749a70-ac63-477d-8392-d4d529184fab,1,72,probe00
PL037,sub-PL037,hausserlab,2023-04-06,1,d23b005f-46f5-4fe1-870c-f55f6eb9533d,1,180,probe00
PL037,sub-PL037,hausserlab,2023-04-07,1,7235b10c-6621-44ea-abe9-01559633472d,1,173,probe00
PL037,sub-PL037,hausserlab,2023-04-09,1,fd03d365-91df-41e2-ad81-9e0e4b9f5c7b,1,216,probe00
PL037,sub-PL037,hausserlab,2023-04-10,1,62ff920c-2fdd-4feb-9d9f-0d66f2e595a1,1,123,probe00
PL037,sub-PL037,hausserlab,2023-04-13,1,14127fdb-2e66-4823-b124-f49c128ba94d,1,186,probe00
PL037,sub-PL037,hausserlab,2023-04-14,1,7eeb8423-49e6-4d40-ab6f-703d17af231a,1,54,probe00
PL050,sub-PL050,hausserlab,2023-06-05,1,6ab9d98c-b1e9-4574-b8fe-b9eec88097e0,1,145,probe00
PL050,sub-PL050,hausserlab,2023-06-06,1,37bbc17f-8dec-4fa8-97fd-e23a5c6bad1f,1,159,probe00
PL050,sub-PL050,hausserlab,2023-06-07,1,0cf6d255-8f2f-463e-84fb-c54bacb79f51,1,110,probe00
PL050,sub-PL050,hausserlab,2023-06-08,1,c02e5155-8e8f-427e-873d-d61490bbb9c3,1,27,probe00
PL050,sub-PL050,hausserlab,2023-06-09,1,98e0074c-706a-40e5-bbb5-223f97585a99,2,147,"probe00, probe01"
PL050,sub-PL050,hausserlab,2023-06-11,1,e6de6c35-1508-4471-b7c3-f12a5c7a6d39,1,75,probe00
PL050,sub-PL050,hausserlab,2023-06-12,1,1dbba733-24a4-4400-9436-53f1bd8428e8,2,296,"probe00, probe01"
PL050,sub-PL050,hausserlab,2023-06-13,1,2584ce3c-db10-4076-89cb-5d313138dd38,1,247,probe00
PL050,sub-PL050,hausserlab,2023-06-15,1,e6bdb1f4-b0bf-4451-8f23-4384f2102f91,1,76,probe00
SWC_042,sub-SWC_042,hoferlab,2020-07-13,1,66d98e6e-bcd9-4e78-8fbb-636f7e808b29,1,70,probe00
SWC_042,sub-SWC_042,hoferlab,2020-07-17,1,f9860a11-24d3-452e-ab95-39e199f20a93,2,164,"probe00, probe01"
SWC_043,sub-SWC_043,hoferlab,2020-09-15,1,f3ce3197-d534-4618-bf81-b687555d1883,1,93,probe01
SWC_043,sub-SWC_043,hoferlab,2020-09-16,2,6f09ba7e-e3ce-44b0-932b-c003fb44fb89,2,288,"probe00, probe01"
SWC_043,sub-SWC_043,hoferlab,2020-09-17,1,695a6073-eae0-49e0-bb0f-e9e57a9275b9,2,98,"probe00, probe01"
SWC_043,sub-SWC_043,hoferlab,2020-09-18,1,6fb1e12c-883b-46d1-a745-473cde3232c8,1,158,probe00
SWC_043,sub-SWC_043,hoferlab,2020-09-19,1,88d24c31-52e4-49cc-9f32-6adbeb9eba87,1,165,probe00
SWC_043,sub-SWC_043,hoferlab,2020-09-20,1,c6db3304-c906-400c-aa0f-45dd3945b2ea,1,102,probe00
SWC_043,sub-SWC_043,hoferlab,2020-09-21,1,4ecb5d24-f5cc-402c-be28-9d0f7cb14b3a,2,448,"probe00, probe01"
SWC_060,sub-SWC_060,hoferlab,2020-11-24,1,dac3a4c1-b666-4de0-87e8-8c514483cacf,2,141,"probe00, probe01"
SWC_060,sub-SWC_060,hoferlab,2020-11-25,1,875c1e5c-f7ec-45ac-ab82-ecfe7276a707,2,79,"probe00, probe01"
SWC_060,sub-SWC_060,hoferlab,2020-11-26,1,81a1dca0-cc90-47c5-afe3-c277319c47c8,2,184,"probe00, probe01"
SWC_061,sub-SWC_061,hoferlab,2020-11-23,1,493170a6-fd94-4ee4-884f-cc018c17eeb9,2,198,"probe00, probe01"
SWC_061,sub-SWC_061,hoferlab,2020-11-26,1,360eac0c-7d2d-4cc1-9dcf-79fc7afc56e7,2,164,"probe00, probe01"
SWC_061,sub-SWC_061,hoferlab,2020-11-30,1,d7e60cc3-6020-429e-a654-636c6cc677ea,2,121,"probe00, probe01"
SWC_066,sub-SWC_066,hoferlab,2022-04-27,1,f4ffb731-8349-4fe4-806e-0232a84e52dd,1,13,probe01
SWC_066,sub-SWC_066,hoferlab,2022-04-28,1,a4747ac8-6a75-444f-b99b-696fff0243fd,1,9,probe00
ZFM-01576,sub-ZFM-01576,mainenlab,2020-12-01,1,c4432264-e1ae-446f-8a07-6280abade813,2,421,"probe00, probe01"
ZFM-01576,sub-ZFM-01576,mainenlab,2020-12-03,1,9e9c6fc0-4769-4d83-9ea4-b59a1230510e,1,116,probe00
ZFM-01577,sub-ZFM-01577,mainenlab,2020-10-28,1,09b2c4d1-058d-4c84-9fd4-97530f85baf6,2,315,"probe00, probe01"
ZFM-01577,sub-ZFM-01577,mainenlab,2020-10-29,1,5d6aa933-4b00-4e99-ae2d-5003657592e9,2,236,"probe00, probe01"
ZFM-01577,sub-ZFM-01577,mainenlab,2020-10-30,1,63f3dbc1-1a5f-44e5-98dd-ce25cd2b7871,1,90,probe00
ZFM-01592,sub-ZFM-01592,mainenlab,2020-10-20,1,746d1902-fa59-4cab-b0aa-013be36060d5,2,456,"probe00, probe01"
ZFM-01592,sub-ZFM-01592,mainenlab,2020-10-21,1,5b609f9b-75cb-43d3-9c39-b5b4b7a0db67,2,181,"probe00, probe01"
ZFM-01592,sub-ZFM-01592,mainenlab,2020-10-23,1,56bc129c-6265-407a-a208-cc16d20a6c01,1,298,probe00
ZFM-01935,sub-ZFM-01935,mainenlab,2021-02-03,1,1a507308-c63a-4e02-8f32-3239a07dc578,2,383,"probe00, probe01"
ZFM-01935,sub-ZFM-01935,mainenlab,2021-02-04,1,f5591ac5-311d-4fa8-9bad-029d7be9c491,1,33,probe00
ZFM-01935,sub-ZFM-01935,mainenlab,2021-02-05,1,ab8a0899-a59f-42e4-8807-95b14056104b,1,141,probe00
ZFM-01935,sub-ZFM-01935,mainenlab,2021-02-06,1,71e03be6-b497-4991-a121-9416dcc1a6e7,1,135,probe00
ZFM-01936,sub-ZFM-01936,mainenlab,2021-01-19,1,d0ea3148-948d-4817-94f8-dcaf2342bbbe,1,152,probe00
ZFM-01936,sub-ZFM-01936,mainenlab,2021-01-20,1,4aa1d525-5c7d-4c50-a147-ec53a9014812,1,148,probe00
ZFM-01936,sub-ZFM-01936,mainenlab,2021-01-22,2,9b5a1754-ac99-4d53-97d3-35c2f6638507,1,105,probe00
ZFM-01936,sub-ZFM-01936,mainenlab,2021-01-23,1,2c44a360-5a56-4971-8009-f469fb59de98,2,286,"probe00, probe01"
ZFM-01936,sub-ZFM-01936,mainenlab,2021-01-24,1,3f6e25ae-c007-4dc3-aa77-450fd5705046,1,136,probe00
ZFM-01937,sub-ZFM-01937,mainenlab,2021-04-08,1,113c5b6c-940e-4b21-b462-789b4c2be0e5,1,130,probe00
ZFM-01937,sub-ZFM-01937,mainenlab,2021-04-09,1,0b7ee1b6-42db-46cd-a465-08f531366187,1,87,probe00
ZFM-02368,sub-ZFM-02368,mainenlab,2021-06-01,1,a4a74102-2af5-45dc-9e41-ef7f5aed88be,2,372,"probe00, probe01"
ZFM-02369,sub-ZFM-02369,mainenlab,2021-05-19,1,72cb5550-43b4-4ef0-add5-e4adfdfb5e02,2,474,"probe00, probe01"
ZFM-02370,sub-ZFM-02370,mainenlab,2021-04-27,1,d0c91c3c-8cbb-4929-8657-31f18bffc294,1,61,probe00
ZFM-02370,sub-ZFM-02370,mainenlab,2021-04-28,1,6f6d2c8e-28be-49f4-ae4d-06be2d3148c1,1,295,probe00
ZFM-02372,sub-ZFM-02372,mainenlab,2021-06-01,2,88224abb-5746-431f-9c17-17d7ef806e6a,2,211,"probe00, probe01"
ZFM-02372,sub-ZFM-02372,mainenlab,2021-06-02,2,7cec9792-b8f9-4878-be7e-f08103dc0323,1,36,probe00
ZFM-02373,sub-ZFM-02373,mainenlab,2021-06-23,1,0802ced5-33a3-405e-8336-b65ebc5cb07c,2,367,"probe00, probe01"
ZFM-04308,sub-ZFM-04308,mainenlab,2022-07-26,1,239dd3c9-35f3-4462-95ee-91b822a22e6b,2,163,"probe00, probe01"
ZFM-04308,sub-ZFM-04308,mainenlab,2022-07-27,1,9dd72e52-5393-4c08-9eca-f7dace2e59f6,1,90,probe01
ZM_1897,sub-ZM_1897,mainenlab,2019-12-02,1,dd4da095-4a99-4bf3-9727-f735077dba66,2,536,"probe00, probe01"
ZM_1897,sub-ZM_1897,mainenlab,2019-12-06,1,e5fae088-ed96-4d9b-82f9-dfd13c259d52,1,132,probe00
ZM_1898,sub-ZM_1898,mainenlab,2019-12-10,7,21e16736-fd59-44c7-b938-9b1333d25da8,1,132,probe00
ZM_1898,sub-ZM_1898,mainenlab,2019-12-11,2,53738f95-bd08-4d9d-9133-483fdb19e8da,1,71,probe00
ZM_2240,sub-ZM_2240,mainenlab,2020-01-21,1,d33baf74-263c-4b37-a0d0-b79dcb80a764,2,524,"probe00, probe01"
ZM_2240,sub-ZM_2240,mainenlab,2020-01-22,1,259927fd-7563-4b03-bc5d-17b4d0fa7a55,2,328,"probe00, probe01"
ZM_2240,sub-ZM_2240,mainenlab,2020-01-23,1,510b1a50-825d-44ce-86f6-9678f5396e02,1,232,probe00
ZM_2240,sub-ZM_2240,mainenlab,2020-01-24,1,193fe7a8-4eb5-4f3e-815a-0c45864ddd77,1,69,probe00
ZM_2241,sub-ZM_2241,mainenlab,2020-01-27,1,ff4187b5-4176-4e39-8894-53a24b7cf36b,2,518,"probe00, probe01"
ZM_2241,sub-ZM_2241,mainenlab,2020-01-28,1,465c44bd-2e67-4112-977b-36e1ac7e3f8c,2,254,"probe00, probe01"
ZM_2241,sub-ZM_2241,mainenlab,2020-01-29,8,e49d8ee7-24b9-416a-9d04-9be33b655f40,1,59,probe00
ZM_2241,sub-ZM_2241,mainenlab,2020-01-30,1,ee40aece-cffd-4edb-a4b6-155f158c666a,2,466,"probe00, probe01"
ZM_2241,sub-ZM_2241,mainenlab,2020-01-31,1,f8d5c8b0-b931-4151-b86c-c471e2e80e5d,2,253,"probe00, probe01"
ZM_2245,sub-ZM_2245,mainenlab,2020-01-21,2,cb2ad999-a6cb-42ff-bf71-1774c57e5308,2,201,"probe00, probe01"
ZM_3003,sub-ZM_3003,mainenlab,2020-07-27,1,934dd7a4-fbdc-459c-8830-04fe9033bc28,2,128,"probe00, probe01"
ZM_3003,sub-ZM_3003,mainenlab,2020-07-28,1,fe1fd79f-b051-411f-a0a9-2530a02cc78d,2,143,"probe00, probe01"
SWC_038,sub-SWC_038,mrsicflogellab,2020-07-30,1,4d8c7767-981c-4347-8e5e-5d5fffe38534,2,389,"probe00, probe01"
SWC_038,sub-SWC_038,mrsicflogellab,2020-07-31,1,1e45d992-c356-40e1-9be1-a506d944896f,2,184,"probe00, probe01"
SWC_038,sub-SWC_038,mrsicflogellab,2020-08-01,1,03063955-2523-47bd-ae57-f7489dd40f15,2,151,"probe00, probe01"
SWC_039,sub-SWC_039,mrsicflogellab,2020-09-10,1,768a371d-7e88-47f8-bf21-4a6a6570dd6e,2,207,"probe00, probe01"
SWC_052,sub-SWC_052,mrsicflogellab,2020-10-17,1,45ef6691-7b80-4a43-bd1a-85fc00851ae8,2,164,"probe00, probe01"
SWC_052,sub-SWC_052,mrsicflogellab,2020-10-18,1,fc14c0d6-51cf-48ba-b326-56ed5a9420c3,1,153,probe00
SWC_052,sub-SWC_052,mrsicflogellab,2020-10-19,1,7416f387-b302-4ca3-8daf-03b585a1b7ec,2,37,"probe00, probe01"
SWC_052,sub-SWC_052,mrsicflogellab,2020-10-20,1,1928bf72-2002-46a6-8930-728420402e01,2,160,"probe00, probe01"
SWC_052,sub-SWC_052,mrsicflogellab,2020-10-21,2,22e04698-b974-4805-b241-3b547dbf37bf,2,150,"probe00, probe01"
SWC_052,sub-SWC_052,mrsicflogellab,2020-10-22,1,7cb81727-2097-4b52-b480-c89867b5b34c,2,74,"probe00, probe01"
SWC_052,sub-SWC_052,mrsicflogellab,2020-10-23,1,f84045b0-ce09-4ace-9d11-5ea491620707,2,64,"probe00, probe01"
SWC_053,sub-SWC_053,mrsicflogellab,2020-11-10,1,239cdbb1-68e2-4eb0-91d8-ae5ae4001c7a,2,147,"probe00, probe01"
SWC_053,sub-SWC_053,mrsicflogellab,2020-11-11,1,75b6b132-d998-4fba-8482-961418ac957d,2,76,"probe00, probe01"
SWC_053,sub-SWC_053,mrsicflogellab,2020-11-12,1,032452e9-1886-449d-9c13-0f192572e19f,1,33,probe00
SWC_054,sub-SWC_054,mrsicflogellab,2020-10-05,1,56b57c38-2699-4091-90a8-aba35103155e,2,424,"probe00, probe01"
SWC_054,sub-SWC_054,mrsicflogellab,2020-10-06,1,91796ceb-e314-4859-9a1f-092f85cc846a,1,200,probe01
SWC_054,sub-SWC_054,mrsicflogellab,2020-10-07,1,6c6983ef-7383-4989-9183-32b1a300d17a,2,92,"probe00, probe01"
SWC_054,sub-SWC_054,mrsicflogellab,2020-10-09,1,eebacd5a-7dcd-4ba6-9dff-ec2a4d2f19e0,2,158,"probe00, probe01"
SWC_054,sub-SWC_054,mrsicflogellab,2020-10-10,1,671c7ea7-6726-4fbe-adeb-f89c2c8e489b,2,136,"probe00, probe01"
SWC_054,sub-SWC_054,mrsicflogellab,2020-10-11,1,6bb5da8f-6858-4fdd-96d9-c34b3b841593,1,29,probe00
SWC_058,sub-SWC_058,mrsicflogellab,2020-12-07,1,3638d102-e8b6-4230-8742-e548cd87a949,1,83,probe01
SWC_058,sub-SWC_058,mrsicflogellab,2020-12-08,1,f1db6257-85ef-4385-b415-2d078ec75df2,2,386,"probe00, probe01"
SWC_058,sub-SWC_058,mrsicflogellab,2020-12-09,1,d3a2b25e-46d3-4f0b-ade6-4e32255f4c35,2,161,"probe00, probe01"
SWC_058,sub-SWC_058,mrsicflogellab,2020-12-10,1,9545aa05-3945-4054-a5c3-a259f7209d61,2,148,"probe00, probe01"
SWC_065,sub-SWC_065,mrsicflogellab,2022-05-07,1,1425bd6f-c625-4f6a-b237-dc5bcfc42c87,1,59,probe01
NR_0017,sub-NR_0017,steinmetzlab,2022-03-22,1,e6043c7d-8f6e-4b66-8309-2ec0abac0f79,1,60,probe00
NR_0019,sub-NR_0019,steinmetzlab,2022-04-29,1,9b528ad0-4599-4a55-9148-96cc1d93fb24,1,79,probe00
NR_0019,sub-NR_0019,steinmetzlab,2022-05-01,1,b887df2c-bb9c-44c9-a9c0-538da87b2cab,2,138,"probe00, probe01"
NR_0019,sub-NR_0019,steinmetzlab,2022-05-03,1,63c70ae8-4dfb-418b-b21b-f0b1e5fba6c9,2,242,"probe00, probe01"
NR_0020,sub-NR_0020,steinmetzlab,2022-05-08,1,3e6a97d3-3991-49e2-b346-6948cb4580fb,2,154,"probe00, probe01"
NR_0020,sub-NR_0020,steinmetzlab,2022-05-09,1,eacc49a9-f3a1-49f1-b87f-0972f90ee837,2,282,"probe00, probe01"
NR_0020,sub-NR_0020,steinmetzlab,2022-05-10,1,5b49aca6-a6f4-4075-931a-617ad64c219c,1,49,probe01
NR_0020,sub-NR_0020,steinmetzlab,2022-05-11,1,d901aff5-2250-467a-b4a1-0cb9729df9e2,2,215,"probe00, probe01"
NR_0021,sub-NR_0021,steinmetzlab,2022-06-28,1,27ef44c0-acb2-4220-b776-477d0d5abd35,2,187,"probe00, probe01"
NR_0021,sub-NR_0021,steinmetzlab,2022-06-30,2,1ca83b26-30fc-4350-a616-c38b7d00d240,2,105,"probe00, probe01"
NR_0021,sub-NR_0021,steinmetzlab,2022-07-08,1,e0928e11-2b86-4387-a203-80c77fab5d52,2,92,"probe00, probe01"
NR_0024,sub-NR_0024,steinmetzlab,2023-01-19,1,3bcb81b4-d9ca-4fc9-a1cd-353a966239ca,2,129,"probe00, probe01"
NR_0024,sub-NR_0024,steinmetzlab,2023-02-01,1,7cc74598-9c1b-436b-84fa-0bf89f31adf6,2,177,"probe00, probe01"
NR_0024,sub-NR_0024,steinmetzlab,2023-02-03,1,2d9bfc10-59fb-424a-b699-7c42f86c7871,1,116,probe00
NR_0024,sub-NR_0024,steinmetzlab,2023-02-07,1,f4eb56a4-8bf8-4bbc-a8f3-6e6535134bad,2,154,"probe00, probe01"
NR_0027,sub-NR_0027,steinmetzlab,2022-08-19,1,6c6b0d06-6039-4525-a74b-58cfaa1d3a60,2,137,"probe00, probe01"
NR_0027,sub-NR_0027,steinmetzlab,2022-08-20,1,195443eb-08e9-4a18-a7e1-d105b2ce1429,1,10,probe00
NR_0027,sub-NR_0027,steinmetzlab,2022-08-22,1,0f77ca5d-73c2-45bd-aa4c-4c5ed275dbde,2,282,"probe00, probe01"
NR_0027,sub-NR_0027,steinmetzlab,2022-08-23,1,ae8787b1-4229-4d56-b0c2-566b61a25b77,2,201,"probe00, probe01"
NR_0028,sub-NR_0028,steinmetzlab,2023-03-07,1,5c0c560e-9e1f-45e9-b66e-e4ee7855be84,2,277,"probe00, probe01"
NR_0028,sub-NR_0028,steinmetzlab,2023-03-10,1,28338153-4113-485b-835b-91cb96d984f2,1,112,probe00
NR_0028,sub-NR_0028,steinmetzlab,2023-03-14,1,29a6def1-fc5c-4eea-ac48-47e9b053dcb5,1,144,probe00
NR_0028,sub-NR_0028,steinmetzlab,2023-03-15,3,f56194bc-8215-4ae8-bc6a-89781ad8e050,2,266,"probe00, probe01"
NR_0028,sub-NR_0028,steinmetzlab,2023-03-20,1,c958919c-2e75-435d-845d-5b62190b520e,1,144,probe00
NR_0029,sub-NR_0029,steinmetzlab,2023-08-29,1,4e560423-5caf-4cda-8511-d1ab4cd2bf7d,1,7,probe00a
NR_0029,sub-NR_0029,steinmetzlab,2023-08-30,1,e6594a5b-552c-421a-b376-1a1baa9dc4fd,1,70,probe00
NR_0029,sub-NR_0029,steinmetzlab,2023-08-31,1,de905562-31c6-4c31-9ece-3ee87b97eab4,1,19,probe00b
NR_0029,sub-NR_0029,steinmetzlab,2023-09-05,1,d85c454e-8737-4cba-b6ad-b2339429d99b,1,17,probe00a
NR_0029,sub-NR_0029,steinmetzlab,2023-09-07,1,3a3ea015-b5f4-4e8b-b189-9364d1fc7435,1,2,probe00a
NR_0031,sub-NR_0031,steinmetzlab,2023-07-12,1,642c97ea-fe89-4ec9-8629-5e492ea4019d,2,204,"probe00, probe01"
NR_0031,sub-NR_0031,steinmetzlab,2023-07-14,1,caa5dddc-9290-4e27-9f5e-575ba3598614,2,186,"probe00, probe01"
ibl_witten_13,sub-ibl_witten_13,wittenlab,2019-11-26,1,5139ce2c-7d52-44bf-8129-692d61dd6403,2,220,"probe00, probe01"
ibl_witten_13,sub-ibl_witten_13,wittenlab,2019-11-27,1,49368f16-de69-4647-9a7a-761e94517821,1,108,probe00
ibl_witten_13,sub-ibl_witten_13,wittenlab,2019-12-03,1,ebe090af-5922-4fcd-8fc6-17b8ba7bad6d,1,239,probe01
ibl_witten_17,sub-ibl_witten_17,wittenlab,2020-07-22,3,d832d9f7-c96a-4f63-8921-516ba4a7b61f,1,12,probe01
ibl_witten_17,sub-ibl_witten_17,wittenlab,2020-07-23,1,dcceebe5-4589-44df-a1c1-9fa33e779727,1,13,probe00
ibl_witten_17,sub-ibl_witten_17,wittenlab,2020-07-30,4,b10ed1ba-2099-42c4-bee3-d053eb594f09,1,128,probe00
ibl_witten_18,sub-ibl_witten_18,wittenlab,2020-09-01,4,cae5cd75-55e5-4277-8db3-cf4d6c5ff918,1,82,probe00
ibl_witten_18,sub-ibl_witten_18,wittenlab,2020-09-02,1,4ef13091-1bc8-4f32-9619-107bdf48540c,1,93,probe00
ibl_witten_18,sub-ibl_witten_18,wittenlab,2020-09-03,2,25f77e81-c1af-46ab-8686-73ac3d67c4a7,1,152,probe00
ibl_witten_19,sub-ibl_witten_19,wittenlab,2020-07-21,1,4ddb8a95-788b-48d0-8a0a-66c7c796da96,2,137,"probe00, probe01"
ibl_witten_19,sub-ibl_witten_19,wittenlab,2020-07-22,1,f8041c1e-5ef4-4ae6-afec-ed82d7a74dc1,1,16,probe01
ibl_witten_19,sub-ibl_witten_19,wittenlab,2020-07-23,1,65f5c9b4-4440-48b9-b914-c593a5184a18,1,142,probe00
ibl_witten_20,sub-ibl_witten_20,wittenlab,2020-09-01,1,037d75ca-c90a-43f2-aca6-e86611916779,1,134,probe00
ibl_witten_20,sub-ibl_witten_20,wittenlab,2020-09-02,1,e12fbe11-8a6b-4bf6-a955-e5f6cec31ef1,1,228,probe00
ibl_witten_20,sub-ibl_witten_20,wittenlab,2020-09-03,1,a7763417-e0d6-4f2a-aa55-e382fd9b5fb8,2,273,"probe00, probe01"
ibl_witten_25,sub-ibl_witten_25,wittenlab,2020-12-08,1,5285c561-80da-4563-8694-739da92e5dd0,2,308,"probe00, probe01"
ibl_witten_26,sub-ibl_witten_26,wittenlab,2021-01-27,2,ff96bfe1-d925-4553-94b5-bf8297adf259,2,233,"probe00, probe01"
ibl_witten_26,sub-ibl_witten_26,wittenlab,2021-01-28,1,a9138924-4395-4981-83d1-530f6ff7c8fc,2,144,"probe00, probe01"
ibl_witten_26,sub-ibl_witten_26,wittenlab,2021-01-29,1,8c2f7f4d-7346-42a4-a715-4d37a5208535,1,121,probe01
ibl_witten_26,sub-ibl_witten_26,wittenlab,2021-01-30,1,09394481-8dd2-4d5c-9327-f2753ede92d7,2,367,"probe00, probe01"
ibl_witten_26,sub-ibl_witten_26,wittenlab,2021-01-31,1,dc21e80d-97d7-44ca-a729-a8e3f9b14305,1,35,probe00
ibl_witten_27,sub-ibl_witten_27,wittenlab,2021-01-13,2,25d1920e-a2af-4b6c-9f2e-fc6c65576544,2,298,"probe00, probe01"
ibl_witten_27,sub-ibl_witten_27,wittenlab,2021-01-15,1,91e04f86-89df-4dec-a8f8-fa915c9a5f1a,1,109,probe00
ibl_witten_27,sub-ibl_witten_27,wittenlab,2021-01-16,3,c728f6fd-58e2-448d-aefb-a72c637b604c,2,183,"probe00, probe01"
ibl_witten_27,sub-ibl_witten_27,wittenlab,2021-01-19,1,952870e5-f2a7-4518-9e6d-71585460f6fe,2,141,"probe00, probe01"
ibl_witten_27,sub-ibl_witten_27,wittenlab,2021-01-20,1,f304211a-81b1-446f-a435-25e589fe3a5a,2,69,"probe00, probe01"
ibl_witten_27,sub-ibl_witten_27,wittenlab,2021-01-21,1,73918ae1-e4fd-4c18-b132-00cb555b1ad2,2,162,"probe00, probe01"
ibl_witten_29,sub-ibl_witten_29,wittenlab,2021-06-08,1,d2832a38-27f6-452d-91d6-af72d794136c,1,148,probe00
ibl_witten_29,sub-ibl_witten_29,wittenlab,2021-06-09,2,0cc486c3-8c7b-494d-aa04-b70e2690bcba,2,135,"probe00, probe01"
ibl_witten_29,sub-ibl_witten_29,wittenlab,2021-06-10,3,e9fc0a2d-c69d-44d1-9fa3-314782387cae,1,85,probe00
ibl_witten_29,sub-ibl_witten_29,wittenlab,2021-06-11,1,72028382-a869-4745-bacf-cb8789e16953,1,142,probe00
ibl_witten_29,sub-ibl_witten_29,wittenlab,2021-06-14,3,af55d16f-0e31-4073-bdb5-26da54914aa2,1,90,probe00
ibl_witten_29,sub-ibl_witten_29,wittenlab,2021-06-16,1,821f1883-27f3-411d-afd3-fb8241bbc39a,1,160,probe00
ibl_witten_29,sub-ibl_witten_29,wittenlab,2021-06-17,1,69a0e953-a643-4f0e-bb26-dc65af3ea7d7,1,37,probe00
ibl_witten_29,sub-ibl_witten_29,wittenlab,2021-06-18,1,86b6ba67-c1db-4333-add0-f8105ea6e363,2,40,"probe00, probe01"
ibl_witten_29,sub-ibl_witten_29,wittenlab,2021-06-19,1,58b1e920-cfc8-467e-b28b-7654a55d0977,1,44,probe00
ibl_witten_32,sub-ibl_witten_32,wittenlab,2021-07-21,2,08102cfc-a040-4bcf-b63c-faa0f4914a6f,1,33,probe01
CSH_ZAD_001,sub-CSH_ZAD_001,zadorlab,2020-01-16,1,3e7ae7c0-fe8b-487c-9354-036236fa1010,1,50,probe00
CSH_ZAD_011,sub-CSH_ZAD_011,zadorlab,2020-03-21,1,5b44c40f-80f4-44fb-abfb-c7f19e27a6ca,2,134,"probe00, probe01"
CSH_ZAD_011,sub-CSH_ZAD_011,zadorlab,2020-03-22,1,03cf52f6-fba6-4743-a42e-dd1ac3072343,2,119,"probe00, probe01"
CSH_ZAD_011,sub-CSH_ZAD_011,zadorlab,2020-03-23,1,da188f2c-553c-4e04-879b-c9ea2d1b9a93,2,205,"probe00, probe01"
CSH_ZAD_019,sub-CSH_ZAD_019,zadorlab,2020-08-14,1,7f6b86f9-879a-4ea2-8531-294a221af5d0,2,197,"probe00, probe01"
CSH_ZAD_019,sub-CSH_ZAD_019,zadorlab,2020-08-16,1,5adab0b7-dfd0-467d-b09d-43cb7ca5d59c,2,318,"probe00, probe01"
CSH_ZAD_019,sub-CSH_ZAD_019,zadorlab,2020-08-18,1,49e0ab27-827a-4c91-bcaa-97eea27a1b8d,2,141,"probe00, probe01"
CSH_ZAD_019,sub-CSH_ZAD_019,zadorlab,2020-08-19,1,edd22318-216c-44ff-bc24-49ce8be78374,2,142,"probe00, probe01"
CSH_ZAD_022,sub-CSH_ZAD_022,zadorlab,2020-05-19,1,8db36de1-8f17-4446-b527-b5d91909b45a,1,136,probe01
CSH_ZAD_022,sub-CSH_ZAD_022,zadorlab,2020-05-20,1,1eac875c-feaa-4a30-b148-059b954b11d8,1,140,probe01
CSH_ZAD_022,sub-CSH_ZAD_022,zadorlab,2020-05-21,1,41431f53-69fd-4e3b-80ce-ea62e03bf9c7,2,289,"probe00, probe01"
CSH_ZAD_022,sub-CSH_ZAD_022,zadorlab,2020-05-23,1,a66f1593-dafd-4982-9b66-f9554b6c86b5,2,214,"probe00, probe01"
CSH_ZAD_022,sub-CSH_ZAD_022,zadorlab,2020-05-24,1,a82800ce-f4e3-4464-9b80-4c3d6fade333,2,219,"probe00, probe01"
CSH_ZAD_022,sub-CSH_ZAD_022,zadorlab,2020-05-25,2,6a601cc5-7b79-4c75-b0e8-552246532f82,2,268,"probe00, probe01"
CSH_ZAD_022,sub-CSH_ZAD_022,zadorlab,2020-05-26,1,90e74228-fd1a-482f-bd56-05dbad132861,1,85,probe00
CSH_ZAD_022,sub-CSH_ZAD_022,zadorlab,2020-05-27,1,b81e3e11-9a60-4114-b894-09f85074d9c3,1,36,probe00
CSH_ZAD_024,sub-CSH_ZAD_024,zadorlab,2020-06-08,1,8207abc6-6b23-4762-92b4-82e05bed5143,2,380,"probe00, probe01"
CSH_ZAD_025,sub-CSH_ZAD_025,zadorlab,2020-07-26,1,20c112a1-8a42-44e0-a4cd-e5b932f7bda9,2,276,"probe00, probe01"
CSH_ZAD_025,sub-CSH_ZAD_025,zadorlab,2020-07-27,1,549caacc-3bd7-40f1-913d-e94141816547,2,210,"probe00, probe01"
CSH_ZAD_025,sub-CSH_ZAD_025,zadorlab,2020-07-30,1,6274dda8-3a59-4aa1-95f8-a8a549c46a26,2,376,"probe00, probe01"
CSH_ZAD_025,sub-CSH_ZAD_025,zadorlab,2020-07-31,1,90c61c38-b9fd-4cc3-9795-29160d2f8e55,1,116,probe00
CSH_ZAD_025,sub-CSH_ZAD_025,zadorlab,2020-08-03,1,ff48aa1d-ef30-4903-ac34-8c41b738c1b9,1,261,probe01
CSH_ZAD_025,sub-CSH_ZAD_025,zadorlab,2020-08-04,2,280ee768-f7b8-4c6c-9ea0-48ca75d6b6f3,2,112,"probe00, probe01"
CSH_ZAD_025,sub-CSH_ZAD_025,zadorlab,2020-08-12,1,c557324b-b95d-414c-888f-6ee1329a2329,2,325,"probe00, probe01"
CSH_ZAD_026,sub-CSH_ZAD_026,zadorlab,2020-08-14,2,5d01d14e-aced-4465-8f8e-9a1c674f62ec,2,320,"probe00, probe01"
CSH_ZAD_026,sub-CSH_ZAD_026,zadorlab,2020-08-15,1,e56541a5-a6d5-4750-b1fe-f6b5257bfe7c,2,309,"probe00, probe01"
CSH_ZAD_026,sub-CSH_ZAD_026,zadorlab,2020-08-17,1,81a78eac-9d36-4f90-a73a-7eb3ad7f770b,2,309,"probe00, probe01"
CSH_ZAD_026,sub-CSH_ZAD_026,zadorlab,2020-08-18,1,626126d5-eecf-4e9b-900e-ec29a17ece07,2,249,"probe00, probe01"
CSH_ZAD_026,sub-CSH_ZAD_026,zadorlab,2020-08-19,1,b69b86be-af7d-4ecf-8cbf-0cd356afa1bd,2,367,"probe00, probe01"
CSH_ZAD_026,sub-CSH_ZAD_026,zadorlab,2020-09-04,1,15763234-d21e-491f-a01b-1238eb96d389,1,172,probe00
CSH_ZAD_029,sub-CSH_ZAD_029,zadorlab,2020-09-11,1,e349a2e7-50a3-47ca-bc45-20d1899854ec,2,198,"probe00, probe01"
CSH_ZAD_029,sub-CSH_ZAD_029,zadorlab,2020-09-13,1,1ec23a70-b94b-4e9c-a0df-8c2151da3761,2,259,"probe00, probe01"
CSH_ZAD_029,sub-CSH_ZAD_029,zadorlab,2020-09-14,1,fcd49e34-f07b-441c-b2ac-cb8c462ec5ac,2,304,"probe00, probe01"
CSH_ZAD_029,sub-CSH_ZAD_029,zadorlab,2020-09-15,1,5522ac4b-0e41-4c53-836a-aaa17e82b9eb,2,265,"probe00, probe01"
CSH_ZAD_029,sub-CSH_ZAD_029,zadorlab,2020-09-16,1,993c7024-0abc-4028-ad30-d397ad55b084,2,347,"probe00, probe01"
CSH_ZAD_029,sub-CSH_ZAD_029,zadorlab,2020-09-17,1,fece187f-b47f-4870-a1d6-619afe942a7d,2,306,"probe00, probe01"
CSH_ZAD_029,sub-CSH_ZAD_029,zadorlab,2020-09-19,1,c7bd79c9-c47e-4ea5-aea3-74dda991b48e,2,237,"probe00, probe01"
