protocol,task,pool,target,ablation,fold,fold_id,bin_mode,r2,rmse,mae,pearson,n_bins,mean_trial_r2,median_trial_r2,n_trials
cv,trial_repeat,mean,paw_vz,a1,0,rep0_interp,interp,0.0130513076929145,639.5022583007812,324.1111755371094,0.1370004255797781,9893,-24485.880953425592,-1.6824557806178655,3042
cv,trial_repeat,attn,paw_vz,a1,0,rep0_interp,interp,0.0052514839962091,642.0242919921875,333.9309997558594,0.1308763642995979,9893,-19597.53510758461,-2.072672251514839,3042
cv,trial_repeat,mean,paw_vz,a1,1,rep1_interp,interp,0.022143587506041,656.640380859375,324.37530517578125,0.1492343726354737,9893,-214310.80056490237,-1.5311166057985977,3042
cv,trial_repeat,attn,paw_vz,a1,1,rep1_interp,interp,0.0377453943127928,651.3809204101562,326.3770446777344,0.1956409859129221,9893,-143246.97985179094,-1.5377709674215787,3042
cv,trial_repeat,mean,paw_vz,a1,2,rep2_interp,interp,0.0180279471151739,663.810546875,326.3011169433594,0.1436680261855484,9893,-75419.71046255417,-1.713103987896211,3042
cv,trial_repeat,attn,paw_vz,a1,2,rep2_interp,interp,0.0444513807829748,654.8184814453125,319.5728454589844,0.2179887995346679,9893,-22552.552893503027,-1.5409034509915511,3042
cv,trial_repeat,mean,paw_vz,a1,3,rep3_interp,interp,0.0207371832376807,671.071044921875,314.7850646972656,0.1444718573186418,9893,-1506.1999598221505,-1.4236607485649166,3042
cv,trial_repeat,attn,paw_vz,a1,3,rep3_interp,interp,0.0210295889578483,670.9708251953125,319.8026428222656,0.1468918480640441,9893,-2806.8160869452304,-1.658109937532459,3042
cv,trial_repeat,mean,paw_vz,a1,4,rep4_interp,interp,0.0159131566642588,653.4107666015625,315.0671081542969,0.1327105306336908,9893,-3257.444581241538,-1.6616888141130997,3042
cv,trial_repeat,attn,paw_vz,a1,4,rep4_interp,interp,0.0174934284935105,652.8859252929688,316.287841796875,0.1395137046056991,9893,-3560.247815761059,-1.5271530749685802,3042
cv,trial_extrapolation,mean,paw_vz,a1,0,late10_extrap,extrap,0.0139518361940578,961.5758666992188,587.6815185546875,0.1463779904004519,9893,-19520.142691312365,-9.86947927772696,3042
cv,trial_extrapolation,attn,paw_vz,a1,0,late10_extrap,extrap,0.0230948138605643,957.1075439453124,584.4144287109375,0.1918218876670887,9893,-15881.822051885974,-10.355627256108503,3042
cv,session_loso,mean,paw_vz,a1,0,3063955,,-0.0240975038507493,460.6149291992188,156.30287170410156,-0.0118108766422601,2368,-0.2190180500440204,-0.1315810423900978,48
cv,session_loso,attn,paw_vz,a1,0,3063955,,-0.0125968639523268,458.021240234375,149.6690216064453,-0.0105342795795711,2368,-0.2524320125275724,-0.1390435350254072,48
cv,session_loso,mean,paw_vz,a1,1,0f77ca5d,,-0.0081714430669994,566.567138671875,269.8233947753906,-0.0241984912391288,3823,-0.4373084353033404,-0.100623269981604,185
cv,session_loso,attn,paw_vz,a1,1,0f77ca5d,,-0.0060562893473175,565.9725341796875,270.9516906738281,0.0247644654034089,3823,-0.3801196164065087,-0.0885023307452359,185
cv,session_loso,mean,paw_vz,a1,2,113c5b6c,,-0.0489261471723678,612.6581420898438,211.97325134277344,-0.0543505254614818,2159,-0.2006624736504665,-0.1171543188324273,53
cv,session_loso,attn,paw_vz,a1,2,113c5b6c,,-0.0750792931123314,620.2489013671875,234.99710083007807,-0.0164200558553385,2159,-0.3401952622146851,-0.1749003341374195,53
cv,session_loso,mean,paw_vz,a1,3,1e45d992,,-0.0984211362097751,370.7587585449219,114.70098876953124,-0.1078305412082766,4157,-20.988525697739423,-1.3322056829850073,99
cv,session_loso,attn,paw_vz,a1,3,1e45d992,,-0.1139598382154509,373.37200927734375,125.49246978759766,-0.0744374571262177,4157,-41.00205846734224,-2.3328161702635577,99
cv,session_loso,mean,paw_vz,a1,4,259927fd,,-0.0273320228800029,626.1973876953125,296.11456298828125,0.3789895904692621,182,-1.3346658429548215,-0.3839966087334056,8
cv,session_loso,attn,paw_vz,a1,4,259927fd,,0.0277360608859249,609.1832275390625,293.0035705566406,0.4155907194710384,182,-1.992690495412284,-0.2629943993687137,8
cv,session_loso,mean,paw_vz,a1,5,2c44a360,,-0.0856047148353233,825.8948364257812,361.1797180175781,0.2356815204330955,1100,-0.246408456410496,-0.2039433955646881,53
cv,session_loso,attn,paw_vz,a1,5,2c44a360,,-0.0887467428925492,827.089111328125,359.1612854003906,0.2888730531495577,1100,-0.2173608958343689,-0.189299770282624,53
cv,session_loso,mean,paw_vz,a1,6,2e6e179c,,-0.0104915217024854,413.67431640625,219.42176818847656,-0.0048375573240727,1279,-0.2919681409579946,-0.0463258469668861,41
cv,session_loso,attn,paw_vz,a1,6,2e6e179c,,-0.0302416336785988,417.6974182128906,220.8120880126953,-0.0209222285708913,1279,-0.3148224594747513,-0.0835288917733769,41
cv,session_loso,mean,paw_vz,a1,7,360eac0c,,0.0101653999055087,334.1510009765625,157.60533142089844,0.1068496768757112,1123,-0.3179438170542557,-0.22597072408628,31
cv,session_loso,attn,paw_vz,a1,7,360eac0c,,-0.0214936565393095,339.4527282714844,182.9819183349609,0.0141882020338245,1123,-0.6001588861977989,-0.2245293554470024,31
cv,session_loso,mean,paw_vz,a1,8,36280321,,-0.2387508593092708,1406.015380859375,691.6980590820312,0.3329550876469429,491,-0.4276322155500381,-0.3767436702061435,25
cv,session_loso,attn,paw_vz,a1,8,36280321,,-0.2432599550182628,1408.5718994140625,691.7088623046875,0.3220012333733887,491,-0.425784491143867,-0.3828691815608347,25
cv,session_loso,mean,paw_vz,a1,9,4aa1d525,,-0.0308164564918673,844.742431640625,360.0673828125,0.1341134730884087,1458,-0.1675139510477585,-0.1407695881521355,49
cv,session_loso,attn,paw_vz,a1,9,4aa1d525,,-0.0090983568823705,835.7962036132812,361.7842102050781,0.1520143065004957,1458,-0.1840838050228022,-0.1279886512975774,49
cv,session_loso,mean,paw_vz,a1,10,5455a21c,,-0.0351063632212327,621.4135131835938,372.8176879882813,0.316133042907054,667,-0.252361996069093,-0.0859878699013584,36
cv,session_loso,attn,paw_vz,a1,10,5455a21c,,-0.0630914316634978,629.7577514648438,371.9728698730469,0.2313838642344588,667,-0.2985545280103623,-0.2212535065107916,36
cv,session_loso,mean,paw_vz,a1,11,5569f363,,-0.0052919695119901,1018.5262451171876,603.07373046875,-0.0114735811830754,2288,-0.4397552941841829,-0.0795245343670499,78
cv,session_loso,attn,paw_vz,a1,11,5569f363,,-0.0162639463260512,1024.0694580078125,606.9420776367188,-0.0526066953803559,2288,-0.4475922697417405,-0.1441543745422708,78
cv,session_loso,mean,paw_vz,a1,12,57b5ae8f,,-0.1504442196067887,846.4988403320312,403.6979064941406,0.0722599363333211,1730,-0.4409527442541318,-0.3987153005845314,71
cv,session_loso,attn,paw_vz,a1,12,57b5ae8f,,-0.203752394123402,865.8888549804688,407.3241271972656,0.141885550408418,1730,-0.5076630788258883,-0.4731067463846259,71
cv,session_loso,mean,paw_vz,a1,13,5adab0b7,,0.0017919345736342,1013.1216430664062,471.5838928222656,0.0723947988120911,490,-0.0438939899597853,-0.0295366489496246,16
cv,session_loso,attn,paw_vz,a1,13,5adab0b7,,0.0010441768485023,1013.5010375976562,469.2789001464844,0.0705281189393684,490,-0.0619959605782102,-0.0417730691680868,16
cv,session_loso,mean,paw_vz,a1,14,5ec72172,,-0.0121532815396914,1146.0205078125,659.375,-0.1047987965161037,1948,-0.3683778784526921,-0.1477041514900305,72
cv,session_loso,attn,paw_vz,a1,14,5ec72172,,-0.0078821221423661,1143.599853515625,655.4373779296875,-0.0248436447769409,1948,-0.3739205763866036,-0.1040142588676279,72
cv,session_loso,mean,paw_vz,a1,15,626126d5,,-0.0503776621237348,603.9854736328125,254.9515686035156,0.1377443182212593,2931,-0.3640046605859793,-0.2395765310182008,138
cv,session_loso,attn,paw_vz,a1,15,626126d5,,-0.0138586080716354,593.39306640625,254.01608276367188,0.2931630480534557,2931,-0.4170482998013,-0.2259155083351174,138
cv,session_loso,mean,paw_vz,a1,16,62902992,,-0.0682926989926215,532.7151489257812,289.6885681152344,0.2032012175723368,427,-0.4629788895226226,-0.2685073989000045,14
cv,session_loso,attn,paw_vz,a1,16,62902992,,-0.0614568497299743,531.008056640625,299.9627380371094,0.1622550148874809,427,-1.1339463260739329,-0.1785228569194276,14
cv,session_loso,mean,paw_vz,a1,17,6f36868f,,-0.062922641749906,584.005126953125,262.3381042480469,-0.0836225887074163,864,-0.2592770156479785,-0.1005733040396514,33
cv,session_loso,attn,paw_vz,a1,17,6f36868f,,-0.0382050634675619,577.1748657226562,256.5458679199219,-0.0280621601184506,864,-0.2126915142182201,-0.1027788485094227,33
cv,session_loso,mean,paw_vz,a1,18,6f6d2c8e,,-0.0300711768176835,514.4583740234375,246.73312377929688,0.0937384483047917,1154,-0.3616566983717557,-0.1239933717853023,49
cv,session_loso,attn,paw_vz,a1,18,6f6d2c8e,,-0.0392455151186605,516.7443237304688,253.82151794433597,0.1054064468065278,1154,-0.4897286852959205,-0.1757238642811482,49
cv,session_loso,mean,paw_vz,a1,19,77e6dc6a,,-0.0077067731373385,1008.056640625,589.6964111328125,-0.0154863625038308,1827,-0.2441256068004198,-0.073559967265663,71
cv,session_loso,attn,paw_vz,a1,19,77e6dc6a,,-0.007701147103253,1008.0537719726562,593.0535278320312,0.0238617769958859,1827,-0.2794244934351711,-0.0837643794240186,71
cv,session_loso,mean,paw_vz,a1,20,78b4fff5,,-0.0354104976355449,714.9287109375,339.4013977050781,0.1321210743236002,5738,-0.299766620823791,-0.2243594752793482,242
cv,session_loso,attn,paw_vz,a1,20,78b4fff5,,-0.0379955831625631,715.8206176757812,341.9637756347656,0.0602656470964451,5738,-0.319756644067155,-0.2337463002129558,242
cv,session_loso,mean,paw_vz,a1,21,7bee9f09,,-0.1029582256941266,1006.5595092773438,479.9978332519531,0.2443082564517885,435,-0.4791856604395412,-0.3993994311787794,18
cv,session_loso,attn,paw_vz,a1,21,7bee9f09,,-0.1120263499029652,1010.6887817382812,479.9939880371094,0.119521032257001,435,-0.4489778138145934,-0.503531066484203,18
cv,session_loso,mean,paw_vz,a1,22,7f150b7c,,-0.252077213910159,924.9436645507812,499.006103515625,0.2524844970295757,195,-0.4131920288619952,-0.3403209115878103,10
cv,session_loso,attn,paw_vz,a1,22,7f150b7c,,-0.1387539040953007,882.0936279296875,482.8072509765625,0.3941517353086496,195,-0.2685396509728354,-0.2336516577138218,10
cv,session_loso,mean,paw_vz,a1,23,81a78eac,,-0.0100121511507895,588.1332397460938,285.7885437011719,-0.043135892414844,3970,-0.2766229621895152,-0.1329013984033626,160
cv,session_loso,attn,paw_vz,a1,23,81a78eac,,-0.0259687961923715,592.7608642578125,288.42626953125,-0.087683800307846,3970,-0.3375727126512909,-0.1405314028774545,160
cv,session_loso,mean,paw_vz,a1,24,88d24c31,,-0.0694261897128916,1043.80322265625,433.431396484375,0.1654967358985318,1933,-0.2607804424972755,-0.2191047095146767,70
cv,session_loso,attn,paw_vz,a1,24,88d24c31,,-0.0441075279971949,1031.373291015625,437.0762939453125,0.1580005058929477,1933,-0.303362881605885,-0.1736698899935562,70
cv,session_loso,mean,paw_vz,a1,25,8c33abef,,0.0018997113199186,460.9946899414063,233.5048828125,0.0583828635516336,4211,-0.3232874546532729,-0.0852543052537246,185
cv,session_loso,attn,paw_vz,a1,25,8c33abef,,-0.0063967734131933,462.9067077636719,225.26870727539065,0.058270797903293,4211,-0.1884979673348521,-0.0979566415543284,185
cv,session_loso,mean,paw_vz,a1,26,8d316998,,0.0251582198222777,443.97894287109375,263.8521423339844,0.3166845256879027,276,-0.1700825740916789,-0.0852204849564248,11
cv,session_loso,attn,paw_vz,a1,26,8d316998,,0.0314324083834914,442.54791259765625,262.2837829589844,0.3569915008692602,276,-0.1689579079788911,-0.070109328355207,11
cv,session_loso,mean,paw_vz,a1,27,9468fa93,,-0.001214600148369,681.4163818359375,252.41751098632807,0.0213562071711575,1024,-0.2142774527741923,-0.1150501874395726,33
cv,session_loso,attn,paw_vz,a1,27,9468fa93,,-0.0040487414724283,682.3801879882812,243.62689208984372,-0.016467078459471,1024,-0.1960662306699198,-0.1500748295099776,33
cv,session_loso,mean,paw_vz,a1,28,9e9c6fc0,,-0.5095140416783623,1803.860107421875,1058.7144775390625,0.391446904881236,23,-0.5095140416783623,-0.5095140416783623,1
cv,session_loso,attn,paw_vz,a1,28,9e9c6fc0,,-0.4530499622859463,1769.801513671875,1034.4876708984375,0.6279007491727029,23,-0.4530499622859463,-0.4530499622859463,1
cv,session_loso,mean,paw_vz,a1,29,a4000c2f,,-0.0048573270695007,590.19775390625,234.2191467285156,0.198983320213493,1106,-0.2197599695419686,-0.0792016097354212,32
cv,session_loso,attn,paw_vz,a1,29,a4000c2f,,-0.011597627554545,592.173828125,236.8614044189453,0.0924808937036387,1106,-0.170740745612849,-0.0612221328692125,32
cv,session_loso,mean,paw_vz,a1,30,a405053a,,-0.0183265811049322,715.4054565429688,371.6870422363281,0.0251051964060699,6759,-0.1760618965569094,-0.090991884555994,319
cv,session_loso,attn,paw_vz,a1,30,a405053a,,-0.0117030206913846,713.0750122070312,368.7691345214844,0.0335840110263686,6759,-0.1560373171681172,-0.081101040555082,319
cv,session_loso,mean,paw_vz,a1,31,a92c4b1d,,-0.1052935660250313,804.4559326171875,371.2298278808594,-0.1820475063067102,132,-0.4030482532938029,-0.2749761425644534,5
cv,session_loso,attn,paw_vz,a1,31,a92c4b1d,,-0.0905061900355024,799.0565795898438,378.0627746582031,-0.1008022185536603,132,-0.4531554794525556,-0.2798437425543412,5
cv,session_loso,mean,paw_vz,a1,32,aa3432cd,,-0.0106061163725306,526.24658203125,228.02996826171875,-0.0104257871965562,391,-0.2517261713341717,-0.1825296609852155,16
cv,session_loso,attn,paw_vz,a1,32,aa3432cd,,-0.0490318485119285,536.1578369140625,242.59996032714844,-0.0397353583870193,391,-0.2403695044274986,-0.1997661985497155,16
cv,session_loso,mean,paw_vz,a1,33,ae8787b1,,0.0043025226460647,598.8025512695312,304.32440185546875,0.0988240653159605,2774,-0.2102841497955801,-0.0456153407056372,150
cv,session_loso,attn,paw_vz,a1,33,ae8787b1,,0.0069430391402072,598.008056640625,304.9844665527344,0.099119899236187,2774,-0.2499322446136685,-0.0413196668937645,150
cv,session_loso,mean,paw_vz,a1,34,b69b86be,,-0.0025912227594053,815.089599609375,399.7947998046875,0.3358948639526267,1496,-0.2523530417603922,-0.1435232333763955,68
cv,session_loso,attn,paw_vz,a1,34,b69b86be,,0.0347872613168296,799.751220703125,392.0682678222656,0.4238058945559113,1496,-0.2541246953342069,-0.1110876300441051,68
cv,session_loso,mean,paw_vz,a1,35,bd456d8f,,-0.0069309954387832,396.3947143554688,169.5412139892578,-0.011997595997315,1844,-0.342400358938561,-0.182015052262638,87
cv,session_loso,attn,paw_vz,a1,35,bd456d8f,,0.0001272889664906,395.0029602050781,169.0426788330078,0.026913689138598,1844,-0.2547249288842946,-0.1110824484187902,87
cv,session_loso,mean,paw_vz,a1,36,cb2ad999,,-0.0246119325754414,610.2681274414062,310.138916015625,0.078526315369736,4788,-0.1788870236835348,-0.0665713209612377,135
cv,session_loso,attn,paw_vz,a1,36,cb2ad999,,-0.0203581743616028,609.0,313.5894470214844,0.0375866447392458,4788,-0.1704659064500315,-0.0726931684931151,135
cv,session_loso,mean,paw_vz,a1,37,cef05f87,,-0.0298998205257912,776.6524047851562,425.25103759765625,0.1187546484577463,475,-0.204719942755043,-0.1432935911409418,19
cv,session_loso,attn,paw_vz,a1,37,cef05f87,,-0.0261733461754927,775.2460327148438,425.3717651367188,0.1770768502545694,475,-0.2104856090939929,-0.1727162245334228,19
cv,session_loso,mean,paw_vz,a1,38,cf43dbb1,,0.0018448348413314,1036.5889892578125,503.4280700683594,0.167245777585224,207,-0.2055414819693189,-0.0582315990221212,6
cv,session_loso,attn,paw_vz,a1,38,cf43dbb1,,0.0028635457485436,1036.059814453125,501.3177490234375,0.259717482834029,207,-0.1055152860853758,-0.081480972793659,6
cv,session_loso,mean,paw_vz,a1,39,d2918f52,,-0.0757196219304701,493.6587829589844,213.42654418945312,0.0898604356370536,1701,-0.2074764818007111,-0.122951165273065,63
cv,session_loso,attn,paw_vz,a1,39,d2918f52,,-0.0614049268782519,490.36322021484375,219.09490966796875,0.1183323157875446,1701,-0.2136593535665267,-0.1416524191465407,63
cv,session_loso,mean,paw_vz,a1,40,d2f5a130,,-0.0334513014993902,786.9578857421875,298.36065673828125,0.5295703249567043,1406,-0.1484068849324724,-0.1246796615195332,42
cv,session_loso,attn,paw_vz,a1,40,d2f5a130,,-0.0816149241758785,805.0870361328125,309.3793029785156,0.2784775561429478,1406,-0.22122874218049,-0.179700580860378,42
cv,session_loso,mean,paw_vz,a1,41,d33baf74,,-0.0574649075304334,445.8893432617188,188.32688903808597,0.1714093573989116,705,-0.2771357820464955,-0.3144824078555717,25
cv,session_loso,attn,paw_vz,a1,41,d33baf74,,-0.0724954102710047,449.0470581054688,192.2928924560547,0.1726182286071469,705,-0.3598940953917781,-0.3464536026845799,25
cv,session_loso,mean,paw_vz,a1,42,d839491f,,-0.0060835550551046,811.0833129882812,325.1347961425781,0.142841784117465,617,-0.2469911613810203,-0.1395549011398675,13
cv,session_loso,attn,paw_vz,a1,42,d839491f,,-0.0025335191291457,809.6510620117188,328.93426513671875,0.2179293401647709,617,-0.2684091825647339,-0.1339580797947157,13
cv,session_loso,mean,paw_vz,a1,43,dfbe628d,,-0.0107873689724147,812.0377807617188,335.89862060546875,-0.0578174634739849,904,-0.60404808147694,-0.2708596143304974,42
cv,session_loso,attn,paw_vz,a1,43,dfbe628d,,-0.0072169757880318,810.6023559570312,327.2534484863281,-0.0275920636173164,904,-0.5398425967358293,-0.2436638724289392,42
cv,session_loso,mean,paw_vz,a1,44,e56541a5,,-0.0116471280927703,722.2389526367188,392.6830139160156,0.252431073842665,1780,-0.2263472886197763,-0.1053436180571332,87
cv,session_loso,attn,paw_vz,a1,44,e56541a5,,-0.0244575478819628,726.79736328125,388.0217590332031,0.2525785297604791,1780,-0.2114754721307991,-0.1122137274879304,87
cv,session_loso,mean,paw_vz,a1,45,ebc9392c,,0.0147576411736412,469.53521728515625,249.4982147216797,0.1366492453534847,417,-0.0519195822737394,-0.0165464288196381,17
cv,session_loso,attn,paw_vz,a1,45,ebc9392c,,0.0270528602019407,466.5962524414063,252.6077880859375,0.1659499547215368,417,-0.0265487139236179,-0.0023648120115427,17
cv,session_loso,mean,paw_vz,a1,46,ebe2efe3,,0.0004023479047932,528.7203979492188,317.36474609375,0.1218997632549949,1449,-0.2282750443842186,-0.0699536521801402,77
cv,session_loso,attn,paw_vz,a1,46,ebe2efe3,,-0.0056556095874842,530.3201293945312,317.4029846191406,0.1485293873585608,1449,-0.1842252861485615,-0.0807341149243774,77
cv,session_loso,mean,paw_vz,a1,47,ee8b36de,,-0.0078411007588938,456.7698669433594,196.9734344482422,0.0318317428239243,3143,-0.3897497887185333,-0.1601680339320976,138
cv,session_loso,attn,paw_vz,a1,47,ee8b36de,,-0.0047155306887576,456.06103515625,191.97862243652344,0.0168264129900809,3143,-0.3246974212642317,-0.1511301486748395,138
cv,session_loso,mean,paw_vz,a1,48,f3ce3197,,0.0036382376560327,529.2295532226562,206.54440307617188,0.072951907415644,4999,-0.2122352396236498,-0.0913403140038434,122
cv,session_loso,attn,paw_vz,a1,48,f3ce3197,,0.0085797209918706,527.9155883789062,213.6051177978516,0.0980420439233755,4999,-0.2621249761053413,-0.1003088659065364,122
cv,session_loso,mean,paw_vz,a1,49,f88d4dd4,,-0.0150181257103712,288.0290832519531,196.7359771728516,0.0383421475936317,50,-0.0798626937571802,-0.0281116203026616,3
cv,session_loso,attn,paw_vz,a1,49,f88d4dd4,,0.012810738583028,284.0531616210937,198.04884338378903,0.2446476026851347,50,-0.1046710561250893,-0.1476114320086956,3
cv,session_loso,mean,paw_vz,a1,50,fb70ebf7,,-0.0705880481444303,511.0436706542969,185.6910400390625,0.0412975595724439,508,-0.2149846341743956,-0.1738517639528383,11
cv,session_loso,attn,paw_vz,a1,50,fb70ebf7,,-0.0490374587195883,505.8739318847656,193.57421875,0.1393982650759884,508,-0.2078213650918814,-0.1627388358294441,11
cv,session_loso,mean,paw_vz,a1,51,ff4187b5,,-0.0259354729670941,456.2732543945313,235.40008544921875,0.024808534276121,8099,-0.2484280113242334,-0.1170804526922931,358
cv,session_loso,attn,paw_vz,a1,51,ff4187b5,,-0.0422505748819033,459.8869323730469,238.1059112548828,0.016343238611201,8099,-0.3434335472605098,-0.1529963610246797,358
cv,mouse_lomo,mean,paw_vz,a1,0,CSHL049,,-0.0424083016358833,595.681884765625,241.82797241210935,0.1296712578285239,2318,-0.2222935483575494,-0.1258917544359624,76
cv,mouse_lomo,attn,paw_vz,a1,0,CSHL049,,-0.0234988642699314,590.2542724609375,245.5376892089844,0.1955694756736427,2318,-0.1709500410976746,-0.0716344373672951,76
cv,mouse_lomo,mean,paw_vz,a1,1,CSHL058,,-0.0593145365650003,508.3458557128906,200.07815551757807,-0.0427329314065172,508,-0.3429835878514706,-0.1581017902445958,11
cv,mouse_lomo,attn,paw_vz,a1,1,CSHL058,,-0.1498359654945971,529.6204223632812,211.25991821289065,-0.123694158605525,508,-0.3347658467221187,-0.3080383924076426,11
cv,mouse_lomo,mean,paw_vz,a1,2,CSHL059,,-0.1019927241473459,823.4487915039062,358.4559631347656,0.346062914408352,3136,-0.3472105114335581,-0.3063522443560385,113
cv,mouse_lomo,attn,paw_vz,a1,2,CSHL059,,-0.1182935477606095,829.5166625976562,356.4066467285156,0.1881604253197621,3136,-0.3482903254982764,-0.3253862319579719,113
cv,mouse_lomo,mean,paw_vz,a1,3,CSHL060,,-0.006731759414575,412.9039916992188,218.68896484375,0.0066129077871238,1279,-0.2272163460359429,-0.0494667693475756,41
cv,mouse_lomo,attn,paw_vz,a1,3,CSHL060,,-0.0123067938482088,414.0457153320313,218.5432281494141,-0.0060165506181658,1279,-0.1727633742014352,-0.0737063617610904,41
cv,mouse_lomo,mean,paw_vz,a1,4,CSH_ZAD_019,,-0.0020056402009622,1015.0469360351562,472.3285827636719,-0.0280054514493819,490,-0.066753702675057,-0.0429630564826026,16
cv,mouse_lomo,attn,paw_vz,a1,4,CSH_ZAD_019,,-0.0009992026669647,1014.537109375,470.9325866699219,0.0437897452174147,490,-0.0719314064269246,-0.044476080072845,16
cv,mouse_lomo,mean,paw_vz,a1,5,CSH_ZAD_026,,-0.0337864002692192,664.9849853515625,313.2629089355469,-0.1454526027775786,10177,-0.3118643612395195,-0.2051809472095265,453
cv,mouse_lomo,attn,paw_vz,a1,5,CSH_ZAD_026,,-0.0357479172552037,665.6156005859375,323.0361328125,-0.0683698048735552,10177,-0.3818081848134089,-0.2349960067329251,453
cv,mouse_lomo,mean,paw_vz,a1,6,DY_011,,-0.1065247695707602,1205.914306640625,576.8877563476562,0.1824385377535547,1133,-0.4356291674855241,-0.3865165842120779,49
cv,mouse_lomo,attn,paw_vz,a1,6,DY_011,,-0.097775583892476,1201.1373291015625,577.0748291015625,0.2466426835296147,1133,-0.4309888877709246,-0.3620286315061933,49
cv,mouse_lomo,mean,paw_vz,a1,7,DY_014,,-0.0027147091768566,434.3896789550781,182.94390869140625,0.0195443078296736,4987,-0.3059723246530177,-0.1334695720076819,225
cv,mouse_lomo,attn,paw_vz,a1,7,DY_014,,-0.0361209199923959,441.5664367675781,205.36676025390625,-0.0009569800996236,4987,-0.7957982185525924,-0.2869669491252586,225
cv,mouse_lomo,mean,paw_vz,a1,8,KS023,,-0.0245773935934732,618.0491333007812,250.63650512695312,0.1075928584769541,1238,-0.30586413244368,-0.1440942737284938,37
cv,mouse_lomo,attn,paw_vz,a1,8,KS023,,-0.0143074832356664,614.9437866210938,256.06561279296875,0.0514759803340732,1238,-0.2325637664446534,-0.0832504970211014,37
cv,mouse_lomo,mean,paw_vz,a1,9,KS043,,0.0007170773103266,680.7587280273438,248.46633911132807,0.0308521803095447,1024,-0.1912016213935699,-0.1386895827700605,33
cv,mouse_lomo,attn,paw_vz,a1,9,KS043,,-0.0226164814715854,688.6608276367188,268.083740234375,-0.0131357446894845,1024,-0.3847618243006694,-0.1737505829961501,33
cv,mouse_lomo,mean,paw_vz,a1,10,KS046,,-0.0067253109091083,736.0607299804688,302.1539001464844,0.0115796033410639,1295,-0.4302465892223973,-0.2466261450702469,58
cv,mouse_lomo,attn,paw_vz,a1,10,KS046,,-0.006755233604647,736.0717163085938,298.0171813964844,-0.0117647305813635,1295,-0.4149965296383779,-0.2337266370002839,58
cv,mouse_lomo,mean,paw_vz,a1,11,KS091,,-0.0277050700599723,712.2634887695312,337.8999938964844,0.14663503636659,5738,-0.2719472315877267,-0.1686793345455326,242
cv,mouse_lomo,attn,paw_vz,a1,11,KS091,,-0.0296883755414527,712.950439453125,341.99481201171875,0.0581534160898807,5738,-0.2913248824155811,-0.1960689314761247,242
cv,mouse_lomo,mean,paw_vz,a1,12,NR_0027,,0.0018173743953591,579.0808715820312,289.1547546386719,0.0476550381593939,6597,-0.334316694619496,-0.0557364759648566,335
cv,mouse_lomo,attn,paw_vz,a1,12,NR_0027,,-0.0247858177835145,586.7468872070312,287.6587219238281,-0.0262117722643064,6597,-0.4472024636928753,-0.0923965209546926,335
cv,mouse_lomo,mean,paw_vz,a1,13,NYU-21,,-0.0015397010717344,481.0790710449219,257.9990234375,0.0889914252950973,5660,-0.4596364828581637,-0.1001479555227373,262
cv,mouse_lomo,attn,paw_vz,a1,13,NYU-21,,-0.0070798511891088,482.4078063964844,252.77996826171875,0.0781507735412006,5660,-0.2764890632101843,-0.1120742196143228,262
cv,mouse_lomo,mean,paw_vz,a1,14,NYU-30,,-0.0044085585320177,1056.8868408203125,615.951904296875,-0.0068550763504677,6063,-0.3327146047925927,-0.0886191300379664,221
cv,mouse_lomo,attn,paw_vz,a1,14,NYU-30,,-0.0079671104244087,1058.7574462890625,618.6435546875,0.0013295015102944,6063,-0.396629173076547,-0.0981200213570694,221
cv,mouse_lomo,mean,paw_vz,a1,15,NYU-37,,0.0549121943401599,277.9300537109375,193.7475433349609,0.26872929249583,50,-0.0734187384987214,0.0453038350101746,3
cv,mouse_lomo,attn,paw_vz,a1,15,NYU-37,,0.0080329397010624,284.73974609375,197.90219116210935,0.3245852352431205,50,-0.1532964510012162,-0.2420216529702004,3
cv,mouse_lomo,mean,paw_vz,a1,16,NYU-48,,-0.0028553009428251,709.9501342773438,371.3914794921875,0.0461585111800879,6759,-0.2247296115744414,-0.0626493712142435,319
cv,mouse_lomo,attn,paw_vz,a1,16,NYU-48,,-0.0281655767690363,718.853271484375,379.9568786621094,0.0384687594052397,6759,-0.2770596795232382,-0.0953696473562599,319
cv,mouse_lomo,mean,paw_vz,a1,17,PL033,,-0.0499492659036706,715.8788452148438,382.3410949707031,0.2115235155939446,1097,-0.3361589333048156,-0.2031336022970753,43
cv,mouse_lomo,attn,paw_vz,a1,17,PL033,,-0.0420297017583684,713.1738891601562,381.867431640625,0.2375577680548316,1097,-0.3261884705161828,-0.1840300251844651,43
cv,mouse_lomo,mean,paw_vz,a1,18,SWC_038,,-0.1058829623795194,414.0675659179688,146.3726806640625,-0.0681767772178545,6525,-33.697171504223,-0.4890292958568429,147
cv,mouse_lomo,attn,paw_vz,a1,18,SWC_038,,-0.1031133905905512,413.5487365722656,144.2435760498047,-0.0995559852198868,6525,-32.61445281385318,-0.4452296537067841,147
cv,mouse_lomo,mean,paw_vz,a1,19,SWC_043,,0.0019442951936554,704.3228149414062,274.3866271972656,0.1305041883320296,6932,-0.2733963097522152,-0.1217720516185778,192
cv,mouse_lomo,attn,paw_vz,a1,19,SWC_043,,-0.0070817971191499,707.50048828125,270.3431701660156,0.0611350101563348,6932,-0.2829727548205915,-0.1377662466624154,192
cv,mouse_lomo,mean,paw_vz,a1,20,SWC_061,,0.0013433747915269,335.6368103027344,158.85182189941406,0.0611439778801289,1123,-0.3058958510262886,-0.1515111865585023,31
cv,mouse_lomo,attn,paw_vz,a1,20,SWC_061,,-0.0034531006696671,336.4418334960937,169.48695373535156,0.0362382404903149,1123,-0.4058648517241666,-0.1794276497003433,31
cv,mouse_lomo,mean,paw_vz,a1,21,UCLA033,,-0.0493845967517783,625.6847534179688,377.3204040527344,0.2522544605312078,667,-0.2665160547672549,-0.0881936756188318,36
cv,mouse_lomo,attn,paw_vz,a1,21,UCLA033,,-0.0302875299006577,619.9653930664062,369.7060546875,0.3117749489935508,667,-0.2478269185005479,-0.0951809263148312,36
cv,mouse_lomo,mean,paw_vz,a1,22,UCLA034,,-0.0155708751947107,476.7072448730469,253.82823181152344,0.0164275665813837,417,-0.1000579588699817,-0.0538919096340135,17
cv,mouse_lomo,attn,paw_vz,a1,22,UCLA034,,0.013582750933025,469.8150939941406,254.6345672607422,0.1231709594044686,417,-0.0809788092709371,0.0400636624780365,17
cv,mouse_lomo,mean,paw_vz,a1,23,UCLA035,,-0.0586666605166683,582.8347778320312,263.82183837890625,-0.0661253937293396,864,-0.2519228185228967,-0.1424019490457242,33
cv,mouse_lomo,attn,paw_vz,a1,23,UCLA035,,-0.0555438747119687,581.9745483398438,262.2786560058594,-0.0660080815308911,864,-0.2365840632215873,-0.1368157884529324,33
cv,mouse_lomo,mean,paw_vz,a1,24,UCLA037,,0.0251388085315142,443.9833984375,262.363525390625,0.3130813020620783,276,-0.1585250282013506,-0.0788878455513941,11
cv,mouse_lomo,attn,paw_vz,a1,24,UCLA037,,0.0252001530367124,443.9694213867188,268.63330078125,0.3233265809961386,276,-0.232019525771776,-0.0319692891805059,11
cv,mouse_lomo,mean,paw_vz,a1,25,ZFM-01576,,-0.4995904342210473,1797.9210205078125,1056.5616455078125,0.4471515417449039,23,-0.4995904342210473,-0.4995904342210473,1
cv,mouse_lomo,attn,paw_vz,a1,25,ZFM-01576,,-0.4659458295084742,1777.6376953125,1045.8536376953125,0.8120520418565684,23,-0.4659458295084742,-0.4659458295084742,1
cv,mouse_lomo,mean,paw_vz,a1,26,ZFM-01936,,-0.0343972468620545,831.0147705078125,357.93731689453125,0.2216663511888161,2558,-0.2116011960197443,-0.1536483548571819,102
cv,mouse_lomo,attn,paw_vz,a1,26,ZFM-01936,,-0.0611054175633019,841.6748657226562,362.056884765625,0.1085465400780503,2558,-0.2348529905023852,-0.2069152228650016,102
cv,mouse_lomo,mean,paw_vz,a1,27,ZFM-01937,,-0.0560520842421081,614.7356567382812,228.5364990234375,0.0144778766855465,2159,-0.2731360363277575,-0.1465491085479058,53
cv,mouse_lomo,attn,paw_vz,a1,27,ZFM-01937,,-0.045144794570842,611.5527954101562,212.16766357421875,-0.0483995437502404,2159,-0.197189134910348,-0.1066922812842467,53
cv,mouse_lomo,mean,paw_vz,a1,28,ZFM-02370,,-0.0345572138309997,515.577392578125,251.5023498535156,0.0394785849630849,1154,-0.3917500060219689,-0.1428509217019835,49
cv,mouse_lomo,attn,paw_vz,a1,28,ZFM-02370,,-0.0205082602270434,512.064697265625,249.61692810058597,0.095036957132819,1154,-0.4381161813281534,-0.0843639039332182,49
cv,mouse_lomo,mean,paw_vz,a1,29,ZM_2240,,-0.0613952178050782,494.6807861328125,211.5015563964844,0.2725502071678057,887,-0.4577874454206902,-0.3514008723127457,33
cv,mouse_lomo,attn,paw_vz,a1,29,ZM_2240,,-0.0435765584993241,490.5108642578125,210.3807830810547,0.2267848540705743,887,-0.50068384882424,-0.3405130697192251,33
cv,mouse_lomo,mean,paw_vz,a1,30,ZM_2241,,-0.0035078247030095,451.2584838867188,229.91778564453125,0.0737523136674058,8099,-0.1482211728938081,-0.0648480985546041,358
cv,mouse_lomo,attn,paw_vz,a1,30,ZM_2241,,-0.0138922673865762,453.58734130859375,230.738525390625,0.0577161328358623,8099,-0.174985336910506,-0.0846222518228181,358
cv,mouse_lomo,mean,paw_vz,a1,31,ZM_2245,,-0.0185077414947294,608.447509765625,309.2337646484375,0.0631652070738424,4788,-0.1646009765825213,-0.0540206983854465,135
cv,mouse_lomo,attn,paw_vz,a1,31,ZM_2245,,-0.0200364799563217,608.9039916992188,313.4081420898437,0.0213787417907941,4788,-0.1709108741635296,-0.0647488656439028,135
cv,trial_repeat,mean,paw_vz,a1,0,rep0,,-0.0036020864090042,667.7614135742188,307.9541320800781,0.030007722409441,2608,-0.4108081595357693,-0.1077972418424231,113
cv,trial_repeat,attn,paw_vz,a1,0,rep0,,0.0019690055261575,665.9054565429688,301.2770690917969,0.0461890723049132,2608,-0.2753446891095117,-0.0690936876909131,113
cv,trial_repeat,mean,paw_vz,a1,1,rep1,,0.0131876128976115,637.0714111328125,315.1946105957031,0.1317927783233776,1558,-0.5626953391626183,-0.1000826269976851,69
cv,trial_repeat,attn,paw_vz,a1,1,rep1,,0.0143008894684499,636.7119750976562,318.8697204589844,0.1215299134529639,1558,-1.0249875877532983,-0.1326745272779257,69
cv,trial_repeat,mean,paw_vz,a1,2,rep2,,0.0110359785421766,640.5737915039062,271.7491455078125,0.1058644280971694,872,-0.3699036971533871,-0.0919451332071514,40
cv,trial_repeat,attn,paw_vz,a1,2,rep2,,-0.0060430971551488,646.0813598632812,275.30279541015625,0.0346255999474616,872,-0.4636425400806719,-0.1527365474177637,40
cv,trial_repeat,mean,paw_vz,a1,3,rep3,,-0.0003157116368888,834.7863159179688,364.378662109375,0.010135269355934,1899,-0.2116909171888155,-0.0813805917873756,74
cv,trial_repeat,attn,paw_vz,a1,3,rep3,,-0.0013621053274448,835.2227783203125,366.8362731933594,0.0021252153433138,1899,-0.1930132318220932,-0.0893963334113669,74
cv,trial_repeat,mean,paw_vz,a1,4,rep4,,0.0097462209658667,798.35107421875,364.6927490234375,0.1567274309348755,1080,-0.4847713427496531,-0.3059781657511974,46
cv,trial_repeat,attn,paw_vz,a1,4,rep4,,0.0061840964961055,799.78564453125,363.8384399414063,0.1365625180333335,1080,-0.4847633735740708,-0.2581281742568705,46
cv,trial_extrapolation,mean,paw_vz,a1,0,3063955,,-0.0041586217305749,420.2184448242188,103.99365234375,0.0073943702513399,490,-0.0762652824179005,-0.0599938574095636,8
cv,trial_extrapolation,attn,paw_vz,a1,0,3063955,,-0.0025896398186227,419.8899841308594,100.75623321533205,-0.0005357651430723,490,-0.0972284096365367,-0.0732943326192743,8
cv,trial_extrapolation,mean,paw_vz,a1,1,0f77ca5d,,0.0003498621929646,461.7919006347656,216.56185913085935,0.0341785715592233,441,-0.1974203521216987,-0.0440478275090661,22
cv,trial_extrapolation,attn,paw_vz,a1,1,0f77ca5d,,0.0003639224529417,461.7886657714844,216.46861267089844,0.0330770472631869,441,-0.1995430972205493,-0.0451164709955508,22
cv,trial_extrapolation,mean,paw_vz,a1,2,113c5b6c,,-0.0164544412667353,757.4262084960938,319.4358825683594,-0.0475506262775012,222,-0.141628147909053,-0.080338387662562,7
cv,trial_extrapolation,attn,paw_vz,a1,2,113c5b6c,,-0.0224873311311426,759.6707153320312,308.96209716796875,-0.0499147615701262,222,-0.122937490642359,-0.0922271887426662,7
cv,trial_extrapolation,mean,paw_vz,a1,3,1e45d992,,0.005765978719002,259.1842041015625,82.06028747558594,0.2103593474749847,278,-15.644307059676924,-2.693363494191087,10
cv,trial_extrapolation,attn,paw_vz,a1,3,1e45d992,,0.0034176604408721,259.4901123046875,85.78075408935547,0.1572612283824561,278,-19.98514710978798,-3.153486108615022,10
cv,trial_extrapolation,mean,paw_vz,a1,4,259927fd,,0.1774110393811153,599.756591796875,377.4283142089844,0.4356130844070124,99,-4.404986069514949,0.1002144836086175,6
cv,trial_extrapolation,attn,paw_vz,a1,4,259927fd,,0.1753731833339495,600.4990844726562,373.62445068359375,0.4398025764320136,99,-3.9956904013897687,0.1169565780448517,6
cv,trial_extrapolation,mean,paw_vz,a1,5,2c44a360,,-0.0696406498379094,777.4298095703125,361.7440185546875,0.0390037961868622,318,-0.4166470841429141,-0.4105903654394469,11
cv,trial_extrapolation,attn,paw_vz,a1,5,2c44a360,,-0.0658445021162072,776.049072265625,357.9638977050781,0.0392881562768095,318,-0.3997741205625715,-0.4031681480153806,11
cv,trial_extrapolation,mean,paw_vz,a1,6,2e6e179c,,-0.469471069368607,684.4217529296875,578.2946166992188,0.0174445266530695,441,-1.6653788059869992,-0.8200246370893696,14
cv,trial_extrapolation,attn,paw_vz,a1,6,2e6e179c,,-0.525804262922984,697.417236328125,575.0218505859375,0.0537954331850624,441,-1.8478323618883743,-0.7881804052875876,14
cv,trial_extrapolation,mean,paw_vz,a1,7,360eac0c,,-0.1265989757502355,349.1178283691406,201.3362579345703,0.1062265368366576,72,-0.4793035745706784,-0.4342268050619065,5
cv,trial_extrapolation,attn,paw_vz,a1,7,360eac0c,,-0.1261456896712056,349.0475769042969,202.0948638916016,0.2560635022608273,72,-0.4772907361257222,-0.4340201161501449,5
cv,trial_extrapolation,mean,paw_vz,a1,8,36280321,,-8.118963793084177,707.7552490234375,655.7567749023438,-0.077228853182289,214,-39.62274636881931,-10.503043898663243,6
cv,trial_extrapolation,attn,paw_vz,a1,8,36280321,,-8.320343552463434,715.5274658203125,664.5432739257812,-0.0719280017422764,214,-41.230211545940456,-10.811189164060254,6
cv,trial_extrapolation,mean,paw_vz,a1,9,4aa1d525,,-0.0002598837019094,1273.9644775390625,651.6677856445312,0.0049386633380565,244,-6.424555364885073,-0.4872286457199345,12
cv,trial_extrapolation,attn,paw_vz,a1,9,4aa1d525,,0.0003046042135262,1273.60498046875,671.3975219726562,0.1062116198467688,244,-7.650924430874325,-0.4778299297700181,12
cv,trial_extrapolation,mean,paw_vz,a1,10,5455a21c,,0.0144100153797765,585.260009765625,396.9410095214844,0.147999576929585,61,-0.39219485205632,-0.0311265752987689,4
cv,trial_extrapolation,attn,paw_vz,a1,10,5455a21c,,0.0048432146901148,588.0936279296875,407.6384582519531,0.1404643905163563,61,-0.3651307820432468,-0.0566570078185868,4
cv,trial_extrapolation,mean,paw_vz,a1,11,5569f363,,-0.0048481437846836,1081.0919189453125,683.5205078125,-0.1326159240604032,144,-0.3705095206558191,-0.4675697855914433,7
cv,trial_extrapolation,attn,paw_vz,a1,11,5569f363,,-0.0037179118379282,1080.483642578125,683.3798217773438,-0.0473896561995461,144,-0.3679732019426591,-0.4624634794380577,7
cv,trial_extrapolation,mean,paw_vz,a1,12,57b5ae8f,,0.1421800711051889,540.7530517578125,400.3508605957031,0.460833915610808,400,-3.3861842181110133,0.1936081768697027,10
cv,trial_extrapolation,attn,paw_vz,a1,12,57b5ae8f,,-0.0825454568483849,607.4688110351562,485.1800842285156,0.3102772027366293,400,-5.896029232966129,0.2729819633819449,10
cv,trial_extrapolation,mean,paw_vz,a1,13,5adab0b7,,-0.0003624401578026,417.6688537597656,225.820556640625,0.0334977092872745,406,-0.150526651221724,-0.0478454157718298,10
cv,trial_extrapolation,attn,paw_vz,a1,13,5adab0b7,,0.0006293565560934,417.4617614746094,221.3100128173828,0.0437069421897226,406,-0.1568469426774964,-0.0310390824188157,10
cv,trial_extrapolation,mean,paw_vz,a1,14,5ec72172,,-0.0068263514212432,888.6094360351562,596.3106689453125,-0.0277221643571356,403,-0.337091396754854,-0.1593260572929331,15
cv,trial_extrapolation,attn,paw_vz,a1,14,5ec72172,,0.0033129292238515,884.1237182617188,597.6063842773438,0.0859337933671356,403,-0.33620787667941,-0.1456494989350818,15
cv,trial_extrapolation,mean,paw_vz,a1,15,626126d5,,0.0250738187609651,699.0714111328125,327.9750061035156,0.2424831864730693,574,-1.454793844274572,-0.2205572466655785,25
cv,trial_extrapolation,attn,paw_vz,a1,15,626126d5,,0.0543962629781227,688.4783325195312,316.246337890625,0.3660024130516931,574,-1.6040513491027335,-0.1605760175617456,25
cv,trial_extrapolation,mean,paw_vz,a1,16,62902992,,-0.1068539309052625,717.888671875,412.1142272949219,0.368863132325365,94,-0.792582982943928,-0.2647045010359916,5
cv,trial_extrapolation,attn,paw_vz,a1,16,62902992,,-0.0869619165321839,711.4086303710938,420.58734130859375,0.1152172902600075,94,-1.0788013791654356,-0.2436578112955805,5
cv,trial_extrapolation,mean,paw_vz,a1,17,6f36868f,,-0.0629159544480881,567.4921875,326.9601745605469,0.0023565900582147,158,-1.041451641029198,-0.0412681340631004,5
cv,trial_extrapolation,attn,paw_vz,a1,17,6f36868f,,-0.0378578100854034,560.7630615234375,306.8692626953125,0.0153214844159544,158,-0.6987713238191569,-0.0281735122708335,5
cv,trial_extrapolation,mean,paw_vz,a1,18,6f6d2c8e,,-0.0077886073095738,417.6097106933594,204.2069854736328,0.0157446997803125,190,-0.2479593973456397,-0.2310767137094045,9
cv,trial_extrapolation,attn,paw_vz,a1,18,6f6d2c8e,,-0.0314475579046542,422.483154296875,227.54112243652344,0.0106198818315435,190,-0.4121272999207881,-0.4681080250437388,9
cv,trial_extrapolation,mean,paw_vz,a1,19,77e6dc6a,,-0.0415848822323636,986.685302734375,567.3807983398438,-0.1260199278121467,169,-0.2561598212386093,-0.1059999255296819,7
cv,trial_extrapolation,attn,paw_vz,a1,19,77e6dc6a,,-0.0422740677197477,987.01171875,568.5391845703125,-0.1736640537550481,169,-0.2616477492936487,-0.1123880170514588,7
cv,trial_extrapolation,mean,paw_vz,a1,20,78b4fff5,,-0.0174643013080493,729.185791015625,379.7628173828125,0.1085126567385738,761,-1.8542763837632612,-0.0979090606722354,26
cv,trial_extrapolation,attn,paw_vz,a1,20,78b4fff5,,-0.0493698068791392,740.5303955078125,390.713623046875,0.0427289614965293,761,-1.5634200000522969,-0.1482204669178856,26
cv,trial_extrapolation,mean,paw_vz,a1,21,7bee9f09,,-3.8904215567122655,628.2963256835938,573.8917236328125,-0.0228801714524813,173,-19.399751700929677,-3.783090510048403,3
cv,trial_extrapolation,attn,paw_vz,a1,21,7bee9f09,,-3.154654385141484,579.1069946289062,520.2664794921875,0.0647418952410409,173,-15.813643194053304,-3.088609361506653,3
cv,trial_extrapolation,mean,paw_vz,a1,22,7f150b7c,,-0.0538317172042444,765.2841796875,445.08740234375,-0.1167117796388614,85,-0.2029831118303424,-0.21371234627193,4
cv,trial_extrapolation,attn,paw_vz,a1,22,7f150b7c,,-0.0308837985524612,756.9060668945312,453.9085998535156,-0.2666378714081435,85,-0.1764430557928626,-0.1484882097139306,4
cv,trial_extrapolation,mean,paw_vz,a1,23,81a78eac,,-0.008510720551508,320.89215087890625,147.92660522460938,-0.0338940875435556,724,-0.1435270654942912,-0.086528963720759,28
cv,trial_extrapolation,attn,paw_vz,a1,23,81a78eac,,-0.0159190781981524,322.068603515625,148.72853088378906,-0.0447102724117966,724,-0.1612886755158275,-0.1049790143987857,28
cv,trial_extrapolation,mean,paw_vz,a1,24,88d24c31,,-0.1838946823758738,536.9909057617188,358.772705078125,0.1085263630673187,395,-32.355235913043,-0.147900712504764,11
cv,trial_extrapolation,attn,paw_vz,a1,24,88d24c31,,-0.1929880420771836,539.0491943359375,356.7052307128906,0.1305201721043721,395,-31.748331067144253,-0.1855624773587298,11
cv,trial_extrapolation,mean,paw_vz,a1,25,8c33abef,,-0.0224107123298871,410.7833862304688,204.02178955078125,0.0749502004237006,476,-0.8595508695958571,-0.0979353453727298,19
cv,trial_extrapolation,attn,paw_vz,a1,25,8c33abef,,0.0109212528915297,404.0318603515625,184.12863159179688,0.1469680937975072,476,-0.7551285132781576,-0.0788533216246918,19
cv,trial_extrapolation,mean,paw_vz,a1,26,8d316998,,-0.0471967069948726,508.3918762207031,318.3215026855469,0.0289606846142862,136,-0.3012482154213321,-0.0305249399713117,6
cv,trial_extrapolation,attn,paw_vz,a1,26,8d316998,,-0.0473377839767217,508.4261169433594,318.6731872558594,-0.0012659255373674,136,-0.3018339579440645,-0.0327059363112675,6
cv,trial_extrapolation,mean,paw_vz,a1,27,9468fa93,,-6.011941026429213e-05,317.2203063964844,109.61600494384766,0.0235961309608254,231,-0.361319452189617,-0.1729505653511727,11
cv,trial_extrapolation,attn,paw_vz,a1,27,9468fa93,,-0.000500520710273,317.2901611328125,108.75006866455078,0.006820531998204,231,-0.3272761725555422,-0.1904219628745567,11
cv,trial_extrapolation,mean,paw_vz,a1,28,a4000c2f,,-0.0607780193935931,257.2490234375,117.7483901977539,-0.0979728622343164,189,-0.3464545022312311,-0.2895751106982305,7
cv,trial_extrapolation,attn,paw_vz,a1,28,a4000c2f,,-0.0593674131833723,257.0779113769531,117.5671844482422,-0.0800031972592751,189,-0.3420701406842146,-0.2868355269789735,7
cv,trial_extrapolation,mean,paw_vz,a1,29,a405053a,,-0.0428510281511915,573.7525024414062,318.6260681152344,-0.0177389900330252,940,-0.3772103214555843,-0.1823250729170478,35
cv,trial_extrapolation,attn,paw_vz,a1,29,a405053a,,-0.0477994561844163,575.1121215820312,321.8828430175781,-0.0029968561293423,940,-0.3917338141249976,-0.1160131609071319,35
cv,trial_extrapolation,mean,paw_vz,a1,30,aa3432cd,,-0.0022038014880021,437.46429443359375,199.90208435058597,-0.0602711472003518,262,-0.6003063626101998,-0.2616525684280739,13
cv,trial_extrapolation,attn,paw_vz,a1,30,aa3432cd,,-0.0013719066006931,437.2827453613281,202.7751007080078,-0.0521851306929703,262,-0.6440817730360062,-0.2514426876134294,13
cv,trial_extrapolation,mean,paw_vz,a1,31,ae8787b1,,-0.0077055995513948,456.8450317382813,204.9088897705078,0.0769681746575582,382,-0.3070555629459381,-0.1559996247021611,19
cv,trial_extrapolation,attn,paw_vz,a1,31,ae8787b1,,-0.0080114951072902,456.9143981933594,205.8960723876953,0.0762387878511384,382,-0.3111129314427955,-0.1574808088656458,19
cv,trial_extrapolation,mean,paw_vz,a1,32,b69b86be,,-1.2882997821706486,646.0381469726562,518.9673461914062,0.0646582272451592,295,-3.7326736010954074,-2.7772146667300204,8
cv,trial_extrapolation,attn,paw_vz,a1,32,b69b86be,,-0.9808714600811588,601.07666015625,465.9002685546875,0.1997390375185317,295,-3.269297170598932,-2.1471222047980527,8
cv,trial_extrapolation,mean,paw_vz,a1,33,bd456d8f,,-0.0049785336527079,654.7052001953125,288.3233337402344,-0.0548834927954281,242,-0.1036420344049749,-0.0226172306718668,9
cv,trial_extrapolation,attn,paw_vz,a1,33,bd456d8f,,-0.0057432595200559,654.9542846679688,289.6778564453125,-0.0371444679966464,242,-0.0899450947504112,-0.0293637898265337,9
cv,trial_extrapolation,mean,paw_vz,a1,34,cb2ad999,,0.0016286271116667,422.9723205566406,219.73779296875,0.0751269125654365,844,-0.4341517376365272,-0.0880402350399647,23
cv,trial_extrapolation,attn,paw_vz,a1,34,cb2ad999,,-0.0045801493799342,424.2854919433594,235.60650634765625,0.0786994848386753,844,-0.7536441028920418,-0.1210255942126359,23
cv,trial_extrapolation,mean,paw_vz,a1,35,cef05f87,,-0.0034846286730492,593.0950927734375,401.14166259765625,-0.0893789000287806,117,-0.4983800798891866,-0.1232141564559612,6
cv,trial_extrapolation,attn,paw_vz,a1,35,cef05f87,,-0.0013239459106062,592.4562377929688,395.2850341796875,0.0272292656742645,117,-0.4810662285340297,-0.1356911363055367,6
cv,trial_extrapolation,mean,paw_vz,a1,36,cf43dbb1,,0.0029736004597519,1412.2232666015625,923.0667114257812,0.0747561897232405,17,0.0029736004597519,0.0029736004597519,1
cv,trial_extrapolation,attn,paw_vz,a1,36,cf43dbb1,,0.0029824796941392,1412.217041015625,929.5833740234376,0.0809208761029936,17,0.0029824796941392,0.0029824796941392,1
cv,trial_extrapolation,mean,paw_vz,a1,37,d2918f52,,-0.0334238786709977,223.16221618652344,142.9564666748047,0.1084489464306075,418,-0.1511876304599311,-0.125575828384707,9
cv,trial_extrapolation,attn,paw_vz,a1,37,d2918f52,,-0.0755118549885371,227.66119384765625,157.2503662109375,0.1011525908983193,418,-0.221313984298236,-0.2033343970210142,9
cv,trial_extrapolation,mean,paw_vz,a1,38,d2f5a130,,0.2689001453317101,492.4534301757813,256.0804138183594,0.5316061180041838,338,-13.878350877328424,-0.6770115264779609,10
cv,trial_extrapolation,attn,paw_vz,a1,38,d2f5a130,,0.1719210982282556,524.0982666015625,319.63629150390625,0.455462478017281,338,-18.5743192104004,-0.9276737619319656,10
cv,trial_extrapolation,mean,paw_vz,a1,39,d33baf74,,-0.115683543628511,446.8428039550781,204.46994018554688,-0.1585098895811223,137,-0.3585764893719911,-0.357794562256438,7
cv,trial_extrapolation,attn,paw_vz,a1,39,d33baf74,,-0.1128847187421775,446.2820129394531,203.52459716796875,-0.1680927306281879,137,-0.3469158502448316,-0.3343329773020884,7
cv,trial_extrapolation,mean,paw_vz,a1,40,d839491f,,0.0006761205527214,384.3898315429688,165.99337768554688,0.0847686615332435,274,-0.16624457115069,-0.0457527026409759,10
cv,trial_extrapolation,attn,paw_vz,a1,40,d839491f,,0.0048850821890228,383.5794677734375,180.0325469970703,0.1001710387580277,274,-0.3256188079079155,-0.119311552686416,10
cv,trial_extrapolation,mean,paw_vz,a1,41,dfbe628d,,-0.0082608006335243,562.8230590820312,308.9408874511719,0.0809631974113306,310,-0.9169630587351753,-0.01953120155566,12
cv,trial_extrapolation,attn,paw_vz,a1,41,dfbe628d,,-0.0006271576477927,560.6884155273438,297.9997863769531,0.0949903301180754,310,-1.43688885032946,0.0735339498041547,12
cv,trial_extrapolation,mean,paw_vz,a1,42,e56541a5,,0.0025012273741618,420.7980041503906,255.11788940429688,0.1786576893124639,213,-2.140682931553964,-0.7248577580860334,13
cv,trial_extrapolation,attn,paw_vz,a1,42,e56541a5,,0.004300546014991,420.4183654785156,248.8943634033203,0.1705554242749609,213,-1.797973385967306,-0.6604877670315192,13
cv,trial_extrapolation,mean,paw_vz,a1,43,ebc9392c,,-0.1060817255094361,567.0276489257812,344.0977783203125,-0.1893361235817493,34,-0.1290458659476697,-0.1290458659476697,2
cv,trial_extrapolation,attn,paw_vz,a1,43,ebc9392c,,-0.1249664459508257,571.8477172851562,343.2613830566406,-0.1922951677400848,34,-0.1440364925530337,-0.1440364925530337,2
cv,trial_extrapolation,mean,paw_vz,a1,44,ebe2efe3,,0.0063185738767833,532.1278076171875,357.8201904296875,0.1335223529095164,129,-0.3654837099837034,-0.1126019311798016,9
cv,trial_extrapolation,attn,paw_vz,a1,44,ebe2efe3,,0.0083268856356704,531.5897827148438,360.2936096191406,0.1518387194233831,129,-0.3936398157255781,-0.1261082883169999,9
cv,trial_extrapolation,mean,paw_vz,a1,45,ee8b36de,,-0.0068107244142912,500.34515380859375,200.85960388183597,-0.007926457503629,378,-0.2642986258652491,-0.1617164289303733,14
cv,trial_extrapolation,attn,paw_vz,a1,45,ee8b36de,,-0.0129011170853443,501.856201171875,209.1539764404297,-0.0105128077098498,378,-0.3480610542147225,-0.2175662211725515,14
cv,trial_extrapolation,mean,paw_vz,a1,46,f3ce3197,,-0.0024440680147099,398.4577026367188,159.7781524658203,0.01574077270955,844,-0.1776055129602102,-0.0852578351555752,18
cv,trial_extrapolation,attn,paw_vz,a1,46,f3ce3197,,-0.0013781218777602,398.2457885742188,163.22589111328125,0.0621182769568352,844,-0.2041066625618435,-0.0854448578872989,18
cv,trial_extrapolation,mean,paw_vz,a1,47,f88d4dd4,,-2.7656423536163803,244.2788543701172,211.4371795654297,0.3708613265951864,31,-3.815491822680708,-3.815491822680708,2
cv,trial_extrapolation,attn,paw_vz,a1,47,f88d4dd4,,-2.5067912264755456,235.7334899902344,201.2398376464844,0.3742210114174231,31,-3.433126938273551,-3.433126938273551,2
cv,trial_extrapolation,mean,paw_vz,a1,48,fb70ebf7,,-0.026457016724172,418.0174865722656,166.9762725830078,0.0523754011780932,451,-0.3821139956365458,-0.2483522225076992,14
cv,trial_extrapolation,attn,paw_vz,a1,48,fb70ebf7,,-0.023534475331232,417.4219970703125,165.06004333496094,0.0425252630811685,451,-0.379566217612724,-0.2600993817830674,14
cv,trial_extrapolation,mean,paw_vz,a1,49,ff4187b5,,-0.0123543662526837,428.26556396484375,227.0587158203125,0.1085934217651856,906,-1.9542183621426543,-0.2261233532518464,38
cv,trial_extrapolation,attn,paw_vz,a1,49,ff4187b5,,-0.012314129877766,428.2570495605469,230.2148895263672,0.123206994458166,906,-2.5059529395360856,-0.2441108541503599,38
cv,session_loso,mean,paw_vz,a1,0,3063955,,-0.025954073831218,421.7473754882813,143.7308349609375,-0.0167927902907612,2910,-0.4255844538012914,-0.1680999811529968,73
cv,session_loso,attn,paw_vz,a1,0,3063955,,-0.0168607383649124,419.8741760253906,138.6875457763672,-0.0151485150141205,2910,-0.5588774602236559,-0.190760997278041,73
cv,session_loso,mean,paw_vz,a1,1,0f77ca5d,,-0.0028359974569633,589.6843872070312,265.0238342285156,-0.005208282952863,4550,-0.4497423862778741,-0.091311423937158,218
cv,session_loso,attn,paw_vz,a1,1,0f77ca5d,,0.0011762500907052,588.5035400390625,266.4433288574219,0.0499853871417087,4550,-0.3587512060253324,-0.0904957555895146,218
cv,session_loso,mean,paw_vz,a1,2,113c5b6c,,-0.0686107316046458,601.2237548828125,220.03369140625,-0.1063519604982743,2516,-0.2897047688233348,-0.1566810705486587,69
cv,session_loso,attn,paw_vz,a1,2,113c5b6c,,-0.1008589827380832,610.22802734375,244.210205078125,-0.0566139135448054,2516,-0.4391119107928155,-0.2283122426970096,69
cv,session_loso,mean,paw_vz,a1,3,1e45d992,,-0.0974219579555712,369.90765380859375,114.99669647216795,-0.1104590664125313,4198,-20.77960914304923,-1.240823921840099,100
cv,session_loso,attn,paw_vz,a1,3,1e45d992,,-0.1128697713190285,372.5020446777344,125.6280517578125,-0.0778457162363158,4198,-40.593014389418016,-2.091768513738569,100
cv,session_loso,mean,paw_vz,a1,4,259927fd,,-0.2696426913653296,750.3821411132812,381.4195251464844,-0.2871970791841262,1328,-0.7800913585845068,-0.6138600202588926,72
cv,session_loso,attn,paw_vz,a1,4,259927fd,,-0.3228409362232274,765.9413452148438,394.5300903320313,-0.2681180164378106,1328,-1.0820129918468848,-0.7037153058824972,72
cv,session_loso,mean,paw_vz,a1,5,2c44a360,,-0.0147745903060463,1015.6536254882812,437.70843505859375,-0.010051892950991,2177,-0.3397901856572912,-0.2743150266835079,109
cv,session_loso,attn,paw_vz,a1,5,2c44a360,,-0.0089894354419723,1012.75439453125,435.0614318847656,0.0593801197773114,2177,-0.3384102587662567,-0.2916534016258245,109
cv,session_loso,mean,paw_vz,a1,6,2e6e179c,,-0.1364591779925204,1103.7913818359375,520.4828491210938,-0.3036249521166796,3648,-0.5582889446642417,-0.389754551541291,141
cv,session_loso,attn,paw_vz,a1,6,2e6e179c,,-0.1616615954762119,1115.9632568359375,528.36181640625,-0.3419412796723862,3648,-0.6893085461682151,-0.4239133809623681,141
cv,session_loso,mean,paw_vz,a1,7,360eac0c,,-0.013471904738715,397.3777160644531,173.16387939453125,0.0375616962691749,1477,-0.840994670862692,-0.3356177623809754,52
cv,session_loso,attn,paw_vz,a1,7,360eac0c,,-0.0477480191168848,404.0415954589844,195.7530059814453,-0.0145559454442784,1477,-1.1506840765585211,-0.4460262081727264,52
cv,session_loso,mean,paw_vz,a1,8,36280321,,-0.1137621607116479,1021.5322265625,436.1209411621094,0.2870940405577679,1049,-0.318695672845712,-0.3351546823926643,56
cv,session_loso,attn,paw_vz,a1,8,36280321,,-0.1183723206830418,1023.6442260742188,435.2269287109375,0.2911917052352963,1049,-0.3184840935313211,-0.3286696601726815,56
cv,session_loso,mean,paw_vz,a1,9,4aa1d525,,-0.0442226592331169,1173.207275390625,478.86724853515625,-0.2458624275158084,3060,-0.4422190015235831,-0.1848518039520006,117
cv,session_loso,attn,paw_vz,a1,9,4aa1d525,,-0.0630837424801413,1183.7552490234375,493.06878662109375,-0.2092663381643253,3060,-0.7837995475154819,-0.2207444490079373,117
cv,session_loso,mean,paw_vz,a1,10,5455a21c,,0.0125997628240949,635.252197265625,378.8892211914063,0.1922696093277518,896,-0.2651069353039365,-0.1381708408986548,47
cv,session_loso,attn,paw_vz,a1,10,5455a21c,,0.004904399369362,637.7228393554688,375.0319519042969,0.1614037884040982,896,-0.2832424637497259,-0.218061179776378,47
cv,session_loso,mean,paw_vz,a1,11,5569f363,,-0.0052537702887143,1048.0487060546875,613.4517211914062,-0.0099543824120606,2569,-0.4357595751214169,-0.1041971068081601,88
cv,session_loso,attn,paw_vz,a1,11,5569f363,,-0.0222564681010586,1056.874755859375,619.10986328125,-0.0650377110364484,2569,-0.4499301030686597,-0.168020550730282,88
cv,session_loso,mean,paw_vz,a1,12,57b5ae8f,,-0.0775326085337817,774.116943359375,351.7659912109375,0.0595034933176375,2261,-0.4478478773937269,-0.4184629537279812,100
cv,session_loso,attn,paw_vz,a1,12,57b5ae8f,,-0.1202629226494975,789.3167724609375,351.01922607421875,0.0905158862200936,2261,-0.4814959587361708,-0.4588437533952648,100
cv,session_loso,mean,paw_vz,a1,13,5adab0b7,,0.0015470022987033,551.2427368164062,252.2956085205078,0.0593417989630033,2505,-0.1263773785286132,-0.059761512112359,96
cv,session_loso,attn,paw_vz,a1,13,5adab0b7,,-0.0010442559420043,551.9575805664062,251.9429626464844,0.041101693388293,2505,-0.1500525826086725,-0.0760906703796724,96
cv,session_loso,mean,paw_vz,a1,14,5ec72172,,-0.0114711135894263,1119.1446533203125,658.0040893554688,-0.1082072074640924,2576,-0.4054103918422038,-0.1915812356097311,94
cv,session_loso,attn,paw_vz,a1,14,5ec72172,,-0.0079163077689388,1117.1761474609375,655.1163330078125,-0.0446466912279262,2576,-0.4119857864682008,-0.152043602309982,94
cv,session_loso,mean,paw_vz,a1,15,626126d5,,-0.0146286115638594,498.8697814941406,209.0403594970703,0.1147412186130532,4695,-0.3858761886294097,-0.2362487172658718,237
cv,session_loso,attn,paw_vz,a1,15,626126d5,,0.0019285963252833,494.7825622558594,216.58624267578125,0.1764181249950748,4695,-0.6627606830649952,-0.3404792715078446,237
cv,session_loso,mean,paw_vz,a1,16,62902992,,-0.1141376364955499,634.3446044921875,363.1661376953125,-0.1023841995181315,1381,-0.5970297452014706,-0.4388626709425208,54
cv,session_loso,attn,paw_vz,a1,16,62902992,,-0.1688549285466658,649.7348022460938,375.612060546875,-0.1875294055740252,1381,-0.9211873889605976,-0.4754966541539522,54
cv,session_loso,mean,paw_vz,a1,17,6f36868f,,-0.0595452621965142,567.3179931640625,263.59002685546875,-0.0554740090027147,1128,-0.1954641337239565,-0.0988537048372595,47
cv,session_loso,attn,paw_vz,a1,17,6f36868f,,-0.0350336572419196,560.7174072265625,259.4259338378906,-0.0005324236485288,1128,-0.1520755081635214,-0.0630029686956143,47
cv,session_loso,mean,paw_vz,a1,18,6f6d2c8e,,-0.0023111047188202,497.1341247558594,233.2751922607422,0.0028734388978317,2015,-0.2854882815627226,-0.1471564303763626,89
cv,session_loso,attn,paw_vz,a1,18,6f6d2c8e,,0.0027948674455083,495.8662414550781,235.25267028808597,0.0913714061190327,2015,-0.3612385385916006,-0.1742278683589879,89
cv,session_loso,mean,paw_vz,a1,19,77e6dc6a,,-0.0104941288706181,964.2407836914062,559.52880859375,-0.0057705037755759,2371,-0.3661365364403293,-0.0847066382385873,88
cv,session_loso,attn,paw_vz,a1,19,77e6dc6a,,-0.0108695517566124,964.4198608398438,563.5901489257812,0.0373589435163655,2371,-0.398446481875915,-0.087611008242548,88
cv,session_loso,mean,paw_vz,a1,20,78b4fff5,,-0.0270979679740286,702.9721069335938,334.8764343261719,0.1200094886061189,6139,-0.2997246213297275,-0.2243594726815514,256
cv,session_loso,attn,paw_vz,a1,20,78b4fff5,,-0.0295153045413838,703.7988891601562,337.1358642578125,0.0553200283811752,6139,-0.3164109992156571,-0.2197602646190851,256
cv,session_loso,mean,paw_vz,a1,21,7bee9f09,,-0.0604103502154644,893.2777709960938,425.1255798339844,0.2329149097303819,613,-0.570868616162921,-0.3402730224187706,29
cv,session_loso,attn,paw_vz,a1,21,7bee9f09,,-0.0766587542279559,900.095458984375,430.8531799316406,0.1102197036443863,613,-1.0142733851034262,-0.4874851935762312,29
cv,session_loso,mean,paw_vz,a1,22,7f150b7c,,-0.032051288475948,810.8487548828125,464.8092346191406,-0.0604455301655014,822,-0.4256217776456411,-0.4036685885057214,37
cv,session_loso,attn,paw_vz,a1,22,7f150b7c,,-0.075847467006515,827.8746337890625,483.5986633300781,-0.0486507900193502,822,-0.5142303853780745,-0.4927192934634663,37
cv,session_loso,mean,paw_vz,a1,23,81a78eac,,-0.0091286359391837,511.3775939941406,243.303466796875,-0.0217886998322358,5643,-0.2702532460415527,-0.1013220840408598,246
cv,session_loso,attn,paw_vz,a1,23,81a78eac,,-0.0266485814987023,515.797607421875,246.90084838867188,-0.0740407503032557,5643,-0.3347402124987635,-0.1364038041484714,246
cv,session_loso,mean,paw_vz,a1,24,88d24c31,,-0.0378914576863207,914.0503540039062,367.05120849609375,0.1084668196512491,2727,-0.327481939324346,-0.2419866992487247,107
cv,session_loso,attn,paw_vz,a1,24,88d24c31,,-0.0177889555030925,905.1550903320312,373.7029113769531,0.1102340229054954,2727,-0.6571481130274863,-0.2121226234127908,107
cv,session_loso,mean,paw_vz,a1,25,8c33abef,,0.0007308878976723,543.4434204101562,246.7941436767578,0.0274360319410787,4486,-0.3006824035388723,-0.0777737936668026,201
cv,session_loso,attn,paw_vz,a1,25,8c33abef,,-0.0028957423654483,544.4287109375,239.0904998779297,-0.0132757919088151,4486,-0.1799003421875897,-0.0915031661255083,201
cv,session_loso,mean,paw_vz,a1,26,8d316998,,-0.0408926609671995,596.1505737304688,292.7240600585937,0.0446814796161953,1165,-0.1820880923233218,-0.1348907577946526,52
cv,session_loso,attn,paw_vz,a1,26,8d316998,,-0.0426769904857353,596.6613159179688,292.95928955078125,-0.0007227587091052,1165,-0.1882760526234763,-0.1513589670550736,52
cv,session_loso,mean,paw_vz,a1,27,9468fa93,,-0.0111122638932628,565.5427856445312,217.65538024902344,0.006930015301938,2555,-0.4799172290043652,-0.1080334944424612,103
cv,session_loso,attn,paw_vz,a1,27,9468fa93,,-0.0089037198281134,564.9247436523438,210.6086578369141,-0.0105015000133148,2555,-0.2970743859352716,-0.096172815033612,103
cv,session_loso,mean,paw_vz,a1,28,9e9c6fc0,,-0.0067937730886988,1483.02880859375,867.2005004882812,0.0266823074706672,49,-0.5698214216519517,-0.5698214216519517,2
cv,session_loso,attn,paw_vz,a1,28,9e9c6fc0,,0.0268973564260758,1458.00390625,844.5621948242188,0.687890191170243,49,-0.5216159343545905,-0.5216159343545905,2
cv,session_loso,mean,paw_vz,a1,29,a4000c2f,,0.0021704312137498,531.9285888671875,231.18585205078125,0.0658232416657339,2053,-0.2883533056602406,-0.198079617487207,68
cv,session_loso,attn,paw_vz,a1,29,a4000c2f,,-0.0104688326339266,535.2869262695312,235.75946044921875,-0.0092340457045788,2053,-0.3205163042385321,-0.2115898081490321,68
cv,session_loso,mean,paw_vz,a1,30,a405053a,,-0.019175250068848,696.5922241210938,357.7948303222656,0.0227807075140722,7221,-3.676206532121956,-0.10170813019164,347
cv,session_loso,attn,paw_vz,a1,30,a405053a,,-0.0126791033066382,694.36865234375,354.9862976074219,0.030064031734573,7221,-3.7348268689128337,-0.0862533494239035,347
cv,session_loso,mean,paw_vz,a1,31,a92c4b1d,,-0.0613166976362462,823.7595825195312,397.0860290527344,-0.3573219871963512,188,-0.3560721954150277,-0.2570233279354011,8
cv,session_loso,attn,paw_vz,a1,31,a92c4b1d,,-0.0611535087182775,823.6962890625,403.23345947265625,-0.2332070700566543,188,-0.3909230371974661,-0.2749262232521976,8
cv,session_loso,mean,paw_vz,a1,32,aa3432cd,,-0.0564917831047753,430.0725708007813,196.71327209472656,-0.0931486630334084,2561,-0.3819448299889602,-0.1883223447765414,126
cv,session_loso,attn,paw_vz,a1,32,aa3432cd,,-0.133224474990858,445.4168701171875,215.6893310546875,-0.0676113605384557,2561,-1.3181548559413578,-0.4003423714157328,126
cv,session_loso,mean,paw_vz,a1,33,ae8787b1,,0.0038828831812834,591.919189453125,282.494140625,0.0857199198811669,3879,-0.3260422638288771,-0.0550967910197047,198
cv,session_loso,attn,paw_vz,a1,33,ae8787b1,,0.0080749307057073,590.67236328125,283.34283447265625,0.1148259682791953,3879,-0.4582379663234804,-0.0529741115840965,198
cv,session_loso,mean,paw_vz,a1,34,b69b86be,,0.0033434142469463,769.0306396484375,366.1232299804688,0.3124298076049198,1690,-0.2985643711134008,-0.1470192205900323,80
cv,session_loso,attn,paw_vz,a1,34,b69b86be,,0.0391480257598347,755.0906982421875,360.6466674804688,0.3954439770805643,1690,-0.3636803079966891,-0.135203343434661,80
cv,session_loso,mean,paw_vz,a1,35,bd456d8f,,-0.0042515587663058,450.4549560546875,195.83644104003903,-0.0018653813359684,2156,-0.31091546922704,-0.1484385364875949,98
cv,session_loso,attn,paw_vz,a1,35,bd456d8f,,0.000273344366118,449.4389953613281,195.05697631835935,0.0220905983698313,2156,-0.2343020900959141,-0.1015112587223239,98
cv,session_loso,mean,paw_vz,a1,36,cb2ad999,,-0.0132155964385451,540.7636108398438,258.8392333984375,0.0665707875670631,7314,-0.2067984936013658,-0.0816972722533793,231
cv,session_loso,attn,paw_vz,a1,36,cb2ad999,,-0.0101677278677814,539.94970703125,262.4563293457031,0.035032214204101,7314,-0.210486027828636,-0.0767903398461293,231
cv,session_loso,mean,paw_vz,a1,37,cef05f87,,-0.0542708041113797,706.8153076171875,397.2340087890625,-0.0871012608900018,1322,-0.4296614039436331,-0.3564166862007673,54
cv,session_loso,attn,paw_vz,a1,37,cef05f87,,-0.0382342914707463,701.4190063476562,392.1103820800781,-0.0203650522801383,1322,-0.3772075250017088,-0.3122256896801764,54
cv,session_loso,mean,paw_vz,a1,38,cf43dbb1,,0.0217469431990526,1252.85205078125,596.1390991210938,0.2531682326355758,308,-0.2168105175499486,-0.0789176279858708,12
cv,session_loso,attn,paw_vz,a1,38,cf43dbb1,,0.0183383512099736,1255.0328369140625,596.76953125,0.3193917014837767,308,-0.1608068485793145,-0.1213423668099027,12
cv,session_loso,mean,paw_vz,a1,39,d2918f52,,-0.032386951078885,466.6942443847656,205.43161010742188,0.0591561104515369,2304,-0.1859371271232527,-0.0983846172412925,93
cv,session_loso,attn,paw_vz,a1,39,d2918f52,,-0.0283402585963032,465.7787170410156,211.3946990966797,0.063188056593478,2304,-0.2414183377069642,-0.1225821750285771,93
cv,session_loso,mean,paw_vz,a1,40,d2f5a130,,0.0109232498783965,610.1001586914062,208.9501190185547,0.3520981471405358,2452,-0.6014814763305633,-0.3350552228391927,94
cv,session_loso,attn,paw_vz,a1,40,d2f5a130,,-0.0262015653474891,621.4447021484375,211.4373016357422,0.186447101107344,2452,-0.3487634479555545,-0.2823996255311402,94
cv,session_loso,mean,paw_vz,a1,41,d33baf74,,0.0051003508636019,452.7964477539063,196.27163696289065,0.0854926418311103,1522,-0.2472882945595428,-0.2891288924831519,67
cv,session_loso,attn,paw_vz,a1,41,d33baf74,,-0.00185964598331,454.3775024414063,198.65118408203125,0.0035456233442743,1522,-0.3013996535489507,-0.3147963205843773,67
cv,session_loso,mean,paw_vz,a1,42,d839491f,,-0.0085597236435821,532.2355346679688,196.5254821777344,-0.0084063063423081,2048,-0.3814252348448225,-0.0918119673734991,89
cv,session_loso,attn,paw_vz,a1,42,d839491f,,-0.0009860316406689,530.2333984375,194.8362274169922,0.042249718890817,2048,-0.3317970741800654,-0.1288922041904234,89
cv,session_loso,mean,paw_vz,a1,43,dfbe628d,,-0.0694474238153772,653.93115234375,286.0622863769531,-0.1079644489595969,2472,-0.7272434279064147,-0.435361020311386,124
cv,session_loso,attn,paw_vz,a1,43,dfbe628d,,-0.060050418346681,651.0518188476562,277.942138671875,-0.0844158449860103,2472,-0.6704235765115124,-0.3905014608084844,124
cv,session_loso,mean,paw_vz,a1,44,e56541a5,,-0.0003258971605639,627.4868774414062,319.302001953125,0.2001442040465538,2462,-0.3064945792852738,-0.1200763937676523,128
cv,session_loso,attn,paw_vz,a1,44,e56541a5,,-0.0120019806585278,631.1383666992188,315.3995361328125,0.1979465604080539,2462,-0.268962558563113,-0.1557683115231314,128
cv,session_loso,mean,paw_vz,a1,45,ebc9392c,,-0.0172358735223081,519.3120727539062,279.4618530273437,0.0002925143558156,528,-0.1780283071048657,-0.0952767523232871,24
cv,session_loso,attn,paw_vz,a1,45,ebc9392c,,-0.0324111352884699,523.1713256835938,284.52197265625,0.0090751098845272,528,-0.1906943237226035,-0.0768052663391846,24
cv,session_loso,mean,paw_vz,a1,46,ebe2efe3,,0.0034817916777653,589.1146850585938,335.7835998535156,0.0882939370348569,1517,-0.2581118559121708,-0.0766151919349591,81
cv,session_loso,attn,paw_vz,a1,46,ebe2efe3,,0.0040420850292763,588.9490356445312,334.9029846191406,0.1178505152452184,1517,-0.1977295695857673,-0.0841689722322069,81
cv,session_loso,mean,paw_vz,a1,47,ee8b36de,,-0.0089696833082502,459.2218322753906,199.26638793945312,0.0183553362803993,3286,-0.3765211997140381,-0.1517257497489099,146
cv,session_loso,attn,paw_vz,a1,47,ee8b36de,,-0.0054022454523854,458.4093017578125,194.31246948242188,0.009203424544208,3286,-0.3113030668072998,-0.1434000218714113,146
cv,session_loso,mean,paw_vz,a1,48,f3ce3197,,0.0004048007864916,495.9259643554688,198.1014862060547,0.0313591760182375,6186,-0.3572647708873323,-0.1465224655621009,179
cv,session_loso,attn,paw_vz,a1,48,f3ce3197,,-0.000842184082455,496.2351989746094,205.90611267089844,0.0488022863202484,6186,-0.5085359138166117,-0.1534744543158923,179
cv,session_loso,mean,paw_vz,a1,49,f88d4dd4,,-0.0071555597256753,1182.008544921875,582.0203247070312,0.0023777555375388,498,-0.4320425554551466,-0.2599041604199649,24
cv,session_loso,attn,paw_vz,a1,49,f88d4dd4,,-0.0094624564490681,1183.3614501953125,580.2343139648438,-0.0599409453132196,498,-0.2924344331370728,-0.2194202050009663,24
cv,session_loso,mean,paw_vz,a1,50,fb70ebf7,,-0.0099114713658976,428.5457458496094,130.96043395996094,-0.0424501828359578,2826,-0.3285006887648654,-0.1044798897459187,130
cv,session_loso,attn,paw_vz,a1,50,fb70ebf7,,-0.0068437537272789,427.8944091796875,136.14134216308594,0.0094420595997284,2826,-0.3752179112328448,-0.1030190932086002,130
cv,session_loso,mean,paw_vz,a1,51,ff4187b5,,-0.0261316139321656,448.4974670410156,229.3326873779297,0.0228000261488909,8433,-0.2861259849754991,-0.1208661054998365,371
cv,session_loso,attn,paw_vz,a1,51,ff4187b5,,-0.0425122575189493,452.0630798339844,232.04074096679688,0.0151802334637706,8433,-0.376763475893036,-0.155826535821872,371
cv,mouse_lomo,mean,paw_vz,a1,0,CSHL049,,-0.0149142666704684,498.1260986328125,199.1279296875,0.0502011467723146,4352,-0.2573542470930134,-0.1238024927522805,182
cv,mouse_lomo,attn,paw_vz,a1,0,CSHL049,,0.0002072304275057,494.4013366699219,203.3317413330078,0.1255468986044316,4352,-0.2723835512994449,-0.0736327341326058,182
cv,mouse_lomo,mean,paw_vz,a1,1,CSHL058,,-0.0320563317001267,433.2187805175781,138.90335083007812,-0.0563895878724777,2826,-0.8746509259355348,-0.2157028983567546,130
cv,mouse_lomo,attn,paw_vz,a1,1,CSHL058,,-0.0535674717612437,437.7102661132813,143.6586456298828,-0.0662290580131189,2826,-1.2821515949597968,-0.3733694207169582,130
cv,mouse_lomo,mean,paw_vz,a1,2,CSHL059,,-0.0359822045859743,695.6277465820312,278.8731384277344,0.2657080565082043,4713,-0.5567737695520452,-0.4274537865206441,194
cv,mouse_lomo,attn,paw_vz,a1,2,CSHL059,,-0.0485395283097429,699.8309326171875,274.8368835449219,0.1637341512922307,4713,-0.3868508205656778,-0.3552076723172868,194
cv,mouse_lomo,mean,paw_vz,a1,3,CSHL060,,-0.1210998352405736,1096.3070068359375,514.087646484375,-0.287334645734619,3648,-0.4675374634236928,-0.3583910892011075,141
cv,mouse_lomo,attn,paw_vz,a1,3,CSHL060,,-0.1147154817169897,1093.1810302734375,509.310546875,-0.3359484691338976,3648,-0.4233699161010216,-0.3522924960391538,141
cv,mouse_lomo,mean,paw_vz,a1,4,CSH_ZAD_019,,-0.0014056763829781,552.0572509765625,252.2187347412109,0.0073124490257413,2505,-0.151705253622505,-0.0535483130972482,96
cv,mouse_lomo,attn,paw_vz,a1,4,CSH_ZAD_019,,-0.0008099893197646,551.8929443359375,249.47198486328125,0.0476416728498283,2505,-0.1371834965032669,-0.0513144092017362,96
cv,mouse_lomo,mean,paw_vz,a1,5,CSH_ZAD_026,,-0.0215542920984657,571.8963623046875,258.0850830078125,-0.1037615257544409,14490,-0.2527240319215271,-0.1450251301778713,691
cv,mouse_lomo,attn,paw_vz,a1,5,CSH_ZAD_026,,-0.0255165645367116,573.00439453125,267.6137390136719,-0.0454159358279492,14490,-0.3444718185686814,-0.2001677851901846,691
cv,mouse_lomo,mean,paw_vz,a1,6,DY_011,,-0.065262178153421,1028.4730224609375,457.6769714355469,0.2051884895403272,1970,-0.3837691913158168,-0.3258086416513306,97
cv,mouse_lomo,attn,paw_vz,a1,6,DY_011,,-0.0584628023984712,1025.185546875,459.2642822265625,0.2398594793857837,1970,-0.3819848282198727,-0.3106428067217937,97
cv,mouse_lomo,mean,paw_vz,a1,7,DY_014,,-0.0026716695695734,454.7955322265625,194.20957946777344,0.0121407569067614,5442,-0.2873340931528692,-0.1206136868432291,244
cv,mouse_lomo,attn,paw_vz,a1,7,DY_014,,-0.0352206667668659,462.118408203125,215.92990112304688,-0.0052804943521508,5442,-0.7420000326018029,-0.2553802937971702,244
cv,mouse_lomo,mean,paw_vz,a1,8,KS023,,-0.0003292688589069,560.2117309570312,245.1938934326172,0.0284595558980716,2241,-0.2890059518667747,-0.1819480138269223,76
cv,mouse_lomo,attn,paw_vz,a1,8,KS023,,-0.0142889135491732,564.1070556640625,254.6685028076172,-0.0356259912705517,2241,-0.3618602402793199,-0.2335400214023351,76
cv,mouse_lomo,mean,paw_vz,a1,9,KS043,,-0.0073804335256435,564.4981079101562,215.5242156982422,0.0028769195029615,2555,-0.37784957154964,-0.0542390048808043,103
cv,mouse_lomo,attn,paw_vz,a1,9,KS043,,-0.0643990633244855,580.2537841796875,243.27737426757807,-0.0250042247271193,2555,-2.0054940781166297,-0.2748277976137017,103
cv,mouse_lomo,mean,paw_vz,a1,10,KS046,,-0.0725969149653138,553.7908325195312,246.3848114013672,-0.0765117875922784,5033,-0.866739742930217,-0.385787179957751,250
cv,mouse_lomo,attn,paw_vz,a1,10,KS046,,-0.0580210664970755,550.01513671875,238.81398010253903,-0.0633547886728207,5033,-0.5659070317988663,-0.3072235656364891,250
cv,mouse_lomo,mean,paw_vz,a1,11,KS091,,-0.0202494483315349,700.6245727539062,333.8587341308594,0.1314100748681436,6139,-0.2765481588354072,-0.171053288848638,256
cv,mouse_lomo,attn,paw_vz,a1,11,KS091,,-0.022064933859742,701.2476196289062,337.693115234375,0.0550630972020066,6139,-0.2940598121814957,-0.1960689321395293,256
cv,mouse_lomo,mean,paw_vz,a1,12,NR_0027,,0.0021631937648626,590.1572265625,277.4563903808594,0.0512869500131154,8429,-0.3751436839420546,-0.0641301680483936,416
cv,mouse_lomo,attn,paw_vz,a1,12,NR_0027,,-0.0147248564311979,595.1304321289062,277.1833190917969,-0.0029876066384993,8429,-0.6869364665658045,-0.109898401657985,416
cv,mouse_lomo,mean,paw_vz,a1,13,NYU-21,,-0.0021540122409278,557.0306396484375,271.9822082519531,0.048018987190477,6003,-0.4381290872600392,-0.0920809459974693,282
cv,mouse_lomo,attn,paw_vz,a1,13,NYU-21,,-0.0038008561071347,557.4881591796875,267.2093811035156,0.0348229879640255,6003,-0.2706643914319637,-0.1074631843732455,282
cv,mouse_lomo,mean,paw_vz,a1,14,NYU-30,,-0.0078960453616059,1047.7200927734375,611.6478271484375,-0.0205318508018696,7516,-0.3899350572874223,-0.1006284674903847,270
cv,mouse_lomo,attn,paw_vz,a1,14,NYU-30,,-0.0138788515524508,1050.8250732421875,615.078125,-0.0227658502450182,7516,-0.4508161748857802,-0.1145119308529099,270
cv,mouse_lomo,mean,paw_vz,a1,15,NYU-37,,-0.0140138644945968,1186.0262451171875,586.9254760742188,-0.0283624361356085,498,-1.247689063921097,-0.210133915458928,24
cv,mouse_lomo,attn,paw_vz,a1,15,NYU-37,,-0.0140121354406319,1186.025146484375,579.8277587890625,-0.1302704238886752,498,-0.3481704272779955,-0.2712952665802968,24
cv,mouse_lomo,mean,paw_vz,a1,16,NYU-48,,-0.0032820056398707,691.1394653320312,357.1776428222656,0.0448911027610144,7221,-2.62220393654154,-0.0722043199760358,347
cv,mouse_lomo,attn,paw_vz,a1,16,NYU-48,,-0.0327670151458254,701.2217407226562,367.2910461425781,0.0307034297344009,7221,-14.09875385869177,-0.1016542112570639,347
cv,mouse_lomo,mean,paw_vz,a1,17,PL033,,-0.0807037251807076,711.8425903320312,405.1733703613281,-0.1087992677573885,3525,-0.5331644213290737,-0.398890573531663,145
cv,mouse_lomo,attn,paw_vz,a1,17,PL033,,-0.0777282425324492,710.8619384765625,406.184326171875,-0.0594430847836133,3525,-0.53263085923608,-0.423079745495873,145
cv,mouse_lomo,mean,paw_vz,a1,18,SWC_038,,-0.1067774210415253,400.2869873046875,143.29275512695312,-0.0666596466198867,7108,-28.9045604313457,-0.5000142558371701,173
cv,mouse_lomo,attn,paw_vz,a1,18,SWC_038,,-0.1026375447998664,399.5376281738281,140.3093719482422,-0.0997280721257958,7108,-27.88155879345811,-0.4477060228859553,173
cv,mouse_lomo,mean,paw_vz,a1,19,SWC_043,,0.003312007003674,648.6771850585938,257.6747436523437,0.0709974012790761,8913,-0.6526793095748591,-0.1923228236357819,286
cv,mouse_lomo,attn,paw_vz,a1,19,SWC_043,,-0.0043175538835475,651.1552734375,252.14540100097656,0.0224578276877765,8913,-0.561796758221606,-0.1948623710531039,286
cv,mouse_lomo,mean,paw_vz,a1,20,SWC_061,,-0.0122034320596815,397.12896728515625,171.90237426757812,0.025001618125929,1477,-0.6727400188254749,-0.3515861693087797,52
cv,mouse_lomo,attn,paw_vz,a1,20,SWC_061,,-0.0234744472925536,399.3338623046875,180.309814453125,0.0020172006295634,1477,-0.8614961544094387,-0.3181988819657869,52
cv,mouse_lomo,mean,paw_vz,a1,21,UCLA033,,0.0061585627138059,637.3208618164062,381.46685791015625,0.1692575027376471,896,-0.271833230839422,-0.1398875691974008,47
cv,mouse_lomo,attn,paw_vz,a1,21,UCLA033,,0.0172208675208054,633.763916015625,376.66412353515625,0.2022529522854572,896,-0.2629664502822851,-0.127737675253394,47
cv,mouse_lomo,mean,paw_vz,a1,22,UCLA034,,-0.0303071530943181,522.637939453125,282.3704833984375,-0.0514257611389167,528,-0.2081777015987498,-0.1107675507352143,24
cv,mouse_lomo,attn,paw_vz,a1,22,UCLA034,,-0.0185323420706222,519.6428833007812,283.5439147949219,0.0451829750988492,528,-0.1944087716489396,-0.0655336570371105,24
cv,mouse_lomo,mean,paw_vz,a1,23,UCLA035,,-0.0535094916392733,565.6997680664062,264.72833251953125,-0.0327201048753456,1128,-0.1970024579843673,-0.0865421092977962,47
cv,mouse_lomo,attn,paw_vz,a1,23,UCLA035,,-0.051009512450727,565.0281982421875,263.6614685058594,-0.0329099596542143,1128,-0.1711078081491834,-0.0672725462975714,47
cv,mouse_lomo,mean,paw_vz,a1,24,UCLA037,,-0.048662749134029,598.3715209960938,293.31640625,-0.0206958984965251,1165,-0.1939058566892847,-0.1539431586303049,52
cv,mouse_lomo,attn,paw_vz,a1,24,UCLA037,,-0.0225494796399929,590.8743896484375,292.23809814453125,0.1042161089062251,1165,-0.1634870832657928,-0.116821398746997,52
cv,mouse_lomo,mean,paw_vz,a1,25,ZFM-01576,,0.0134713161685654,1468.027587890625,847.7108764648438,0.6447280688341254,49,-0.5233453916269917,-0.5233453916269917,2
cv,mouse_lomo,attn,paw_vz,a1,25,ZFM-01576,,0.0164683108783723,1465.7960205078125,857.8123168945312,0.6221169947547378,49,-0.5398702024431828,-0.5398702024431828,2
cv,mouse_lomo,mean,paw_vz,a1,26,ZFM-01936,,-0.0371842698328537,1113.206298828125,464.5151672363281,-0.1353011163085062,5237,-0.5142595559275038,-0.2372117930434238,226
cv,mouse_lomo,attn,paw_vz,a1,26,ZFM-01936,,-0.0251171196480104,1106.7115478515625,460.3530578613281,-0.0750077183288149,5237,-0.4431533413158885,-0.2710715073162744,226
cv,mouse_lomo,mean,paw_vz,a1,27,ZFM-01937,,-0.0779287065472416,603.8392944335938,235.9111175537109,-0.0464259166523562,2516,-0.3577643779934008,-0.1692070158880667,69
cv,mouse_lomo,attn,paw_vz,a1,27,ZFM-01937,,-0.0589346626891358,598.4955444335938,218.64865112304688,-0.0764961179167574,2516,-0.2665397510697284,-0.1415643289408965,69
cv,mouse_lomo,mean,paw_vz,a1,28,ZFM-02370,,-0.0032527877648529,497.3675842285156,237.18011474609372,-0.0111099721222308,2015,-0.2921444788962362,-0.1398014176626381,89
cv,mouse_lomo,attn,paw_vz,a1,28,ZFM-02370,,-0.0036107471714648,497.456298828125,236.19879150390625,0.0034195648044722,2015,-0.3260794676918943,-0.1026121715411825,89
cv,mouse_lomo,mean,paw_vz,a1,29,ZM_2240,,-0.0884835173933851,599.4637451171875,274.232177734375,-0.3002686974802593,2850,-0.412463967696227,-0.3972350173035637,139
cv,mouse_lomo,attn,paw_vz,a1,29,ZM_2240,,-0.1420260143129046,614.030517578125,283.9339904785156,-0.355893507553816,2850,-0.5403191667327537,-0.4530249959632293,139
cv,mouse_lomo,mean,paw_vz,a1,30,ZM_2241,,-0.0031480047353591,443.44622802734375,224.28463745117188,0.0739745863443412,8433,-0.2183604660867393,-0.0659375770438617,371
cv,mouse_lomo,attn,paw_vz,a1,30,ZM_2241,,-0.0137521366100736,445.7838745117188,224.7364654541016,0.05694924373041,8433,-0.198000334610147,-0.0898087406106953,371
cv,mouse_lomo,mean,paw_vz,a1,31,ZM_2245,,-0.0080774626682917,539.3907470703125,258.68756103515625,0.0538390223235002,7314,-0.174913411490087,-0.0692945874317716,231
cv,mouse_lomo,attn,paw_vz,a1,31,ZM_2245,,-0.0090873894752783,539.660888671875,263.0564880371094,0.0306168891244815,7314,-0.2435384005723344,-0.0816292035031029,231
