protocol,task,pool,target,ablation,fold,fold_id,r2,rmse,mae,pearson,n_bins,mean_trial_r2,median_trial_r2,n_trials,bin_mode
cv,trial_repeat,mean,paw_vx,none,0,rep0_interp,0.0480070182876638,653.7001953125,360.4064025878906,0.22222632514617,9893,-90150.74392660391,-1.2480541881316982,3042,interp
cv,trial_repeat,attn,paw_vx,none,0,rep0_interp,0.0439361267782828,655.0963745117188,364.7175903320313,0.2161188832709968,9893,-23662.65527228324,-1.3801770494909955,3042,interp
cv,trial_repeat,mean,paw_vx,none,1,rep1_interp,0.0483494492263273,663.9398193359375,361.393798828125,0.2229596398683469,9893,-372506.43653337366,-1.3731517676536955,3042,interp
cv,trial_repeat,attn,paw_vx,none,1,rep1_interp,0.0429665704598259,665.81494140625,366.9415893554688,0.2144542401343164,9893,-302166.01860139234,-1.3662629323602744,3042,interp
cv,trial_repeat,mean,paw_vx,none,2,rep2_interp,0.0585116208934739,672.1558227539062,363.1471557617188,0.2459263146757688,9893,-119010.59274965676,-1.154942982529223,3042,interp
cv,trial_repeat,attn,paw_vx,none,2,rep2_interp,0.06430932311135,670.0830688476562,363.6268615722656,0.2539263679478431,9893,-139990.13737833544,-1.1091616759780722,3042,interp
cv,trial_repeat,mean,paw_vx,none,3,rep3_interp,0.0597087269077059,670.4205322265625,356.0042724609375,0.2474411004758612,9893,-2546.3131438903843,-1.2152400332983118,3042,interp
cv,trial_repeat,attn,paw_vx,none,3,rep3_interp,0.0488439843608918,674.2826538085938,359.5390319824219,0.2228996526648728,9893,-3545.681745693604,-1.2357345832200444,3042,interp
cv,trial_repeat,mean,paw_vx,none,4,rep4_interp,0.0536483636824075,645.7107543945312,347.9587707519531,0.2325312388171487,9893,-5114109.921947037,-1.1232992756967348,3042,interp
cv,trial_repeat,attn,paw_vx,none,4,rep4_interp,0.0594363854299574,643.7330932617188,352.23394775390625,0.2448609132681711,9893,-4761387.309310449,-1.1611716746940266,3042,interp
cv,trial_extrapolation,mean,paw_vx,none,0,late10_extrap,0.0330112749990409,984.7385864257812,709.5060424804688,0.190751174668372,9893,-73463.33086089956,-20.72166719710312,3042,extrap
cv,trial_extrapolation,attn,paw_vx,none,0,late10_extrap,0.0409460502013413,980.6901245117188,701.6396484375,0.2124380230607216,9893,-85374.41957154777,-19.55018846554423,3042,extrap
cv,session_loso,mean,paw_vx,none,0,3063955,-0.0055435343573901,436.067626953125,194.99771118164065,0.0373523136575433,2368,-0.1940597225022625,-0.062433335941933,48,
cv,session_loso,attn,paw_vx,none,0,3063955,0.0018178805920241,434.468505859375,167.04800415039062,0.0482811719035112,2368,-0.1599290653164868,-0.0682394000890056,48,
cv,session_loso,mean,paw_vx,none,1,0f77ca5d,-0.0287032726997329,856.5678100585938,464.0924682617188,0.0012407246574389,3823,-0.2697468921956645,-0.1686240353135619,185,
cv,session_loso,attn,paw_vx,none,1,0f77ca5d,-0.0030974446608837,845.840087890625,469.42132568359375,0.0600978704718769,3823,-0.3431512705424721,-0.1638331756030941,185,
cv,session_loso,mean,paw_vx,none,2,113c5b6c,-0.3871874641736346,773.4874267578125,407.7810363769531,0.0495214468689409,2159,-0.966129916887967,-0.6034773098443129,53,
cv,session_loso,attn,paw_vx,none,2,113c5b6c,-0.2385822807674387,730.8834228515625,331.3284912109375,0.0332284917825165,2159,-0.5679523577873979,-0.3872028666311369,53,
cv,session_loso,mean,paw_vx,none,3,1e45d992,-0.0423960649580428,286.59088134765625,105.83650970458984,0.1085904306732368,4157,-13.596243352964953,-0.4189119133347967,99,
cv,session_loso,attn,paw_vx,none,3,1e45d992,-0.1262700485339325,297.89776611328125,127.23953247070312,0.0789071083843169,4157,-39.95358068244918,-1.126815597173564,99,
cv,session_loso,mean,paw_vx,none,4,259927fd,-0.0802428592704083,549.7471923828125,318.7396850585937,-0.0783382955207305,182,-0.4886024685247018,-0.460808461699539,8,
cv,session_loso,attn,paw_vx,none,4,259927fd,0.0038488390444592,527.9161376953125,339.7006225585937,0.1575544742371941,182,-0.5264907235782648,-0.3816773857616676,8,
cv,session_loso,mean,paw_vx,none,5,2c44a360,-0.0386190571839195,761.3651123046875,401.9560546875,0.2282540702942545,1100,-0.2871787305601477,-0.1902481444775741,53,
cv,session_loso,attn,paw_vx,none,5,2c44a360,-0.0373180814414191,760.8880615234375,397.1197204589844,0.1646548248663204,1100,-0.2850186742862644,-0.1886024432172712,53,
cv,session_loso,mean,paw_vx,none,6,2e6e179c,-0.0033015541429393,505.52777099609375,308.39801025390625,0.0368830462949438,1279,-0.1425627700573039,-0.0292967520292981,41,
cv,session_loso,attn,paw_vx,none,6,2e6e179c,-0.0418058726686736,515.1369018554688,309.9552917480469,-0.0540431211861335,1279,-0.18902449119069,-0.076211160160732,41,
cv,session_loso,mean,paw_vx,none,7,360eac0c,-2.613750563023628,624.0986328125,513.990478515625,-0.031252018342246,1123,-5.497242462632858,-3.509431325611935,31,
cv,session_loso,attn,paw_vx,none,7,360eac0c,-1.3264987038894491,500.75531005859375,365.2400817871094,-0.0351597047104053,1123,-2.854617004073948,-1.6614786382280524,31,
cv,session_loso,mean,paw_vx,none,8,36280321,-0.1699736111539931,1077.632080078125,584.8729858398438,0.1937351058461095,491,-0.3736894645960077,-0.3168785598552908,25,
cv,session_loso,attn,paw_vx,none,8,36280321,-0.2420957727652428,1110.350341796875,581.5060424804688,0.2747726956318036,491,-0.4464679095060612,-0.4137861565924989,25,
cv,session_loso,mean,paw_vx,none,9,4aa1d525,-0.0401728254170208,731.2351684570312,404.5716857910156,-0.1044662183345135,1458,-0.2660791190899418,-0.1014394646386758,49,
cv,session_loso,attn,paw_vx,none,9,4aa1d525,-0.0517135825106496,735.2805786132812,412.6544189453125,-0.154159532928572,1458,-0.2732427776934308,-0.1387599312883665,49,
cv,session_loso,mean,paw_vx,none,10,5455a21c,-0.0686958302612406,461.6793518066406,285.7912292480469,0.0021040784911931,667,-0.5238168683008945,-0.2339692692890915,36,
cv,session_loso,attn,paw_vx,none,10,5455a21c,-0.1054096917482856,469.5426330566406,290.4846496582031,-0.188358629833916,667,-0.6172174433030613,-0.346147079158781,36,
cv,session_loso,mean,paw_vx,none,11,5569f363,-0.0133437212637763,762.7571411132812,457.9609069824219,-0.1017084843209536,2288,-0.5776089607272765,-0.0732220391560304,78,
cv,session_loso,attn,paw_vx,none,11,5569f363,7.735041281009547e-05,757.6892700195312,444.3670349121094,0.0209520107728931,2288,-0.6254157721355065,-0.0794884912009066,78,
cv,session_loso,mean,paw_vx,none,12,57b5ae8f,-0.1310731838578755,593.4329223632812,297.8519287109375,-0.0980774089805882,1730,-0.4444724613625901,-0.4547884346716055,71,
cv,session_loso,attn,paw_vx,none,12,57b5ae8f,-0.1581759585156821,600.500732421875,317.3338928222656,0.0289199467569763,1730,-0.4765013359195397,-0.4994014839041805,71,
cv,session_loso,mean,paw_vx,none,13,5adab0b7,-0.0022564845211203,955.2537841796876,454.938720703125,-0.0381119773384261,490,-0.0958108529849947,-0.0319980083208584,16,
cv,session_loso,attn,paw_vx,none,13,5adab0b7,-0.0147933489176306,961.209716796875,488.2266845703125,0.0975972396159606,490,-0.3374908897614087,-0.1589235082207959,16,
cv,session_loso,mean,paw_vx,none,14,5ec72172,-0.0744397669469256,867.7240600585938,520.0057983398438,-0.0867224488911665,1948,-0.8176065329861626,-0.2467390680260168,72,
cv,session_loso,attn,paw_vx,none,14,5ec72172,-0.0675146189492608,864.9232177734375,517.4886474609375,-0.1017208009312469,1948,-0.7390810848041707,-0.2512357517933137,72,
cv,session_loso,mean,paw_vx,none,15,626126d5,-0.2208929910293815,488.4783630371094,291.09722900390625,0.0263224883262227,2931,-1.0220941408100808,-0.7361602397716946,138,
cv,session_loso,attn,paw_vx,none,15,626126d5,-0.0051204077348032,443.2161560058594,234.3812255859375,0.0273198847340578,2931,-0.4142211855380356,-0.3457505083005333,138,
cv,session_loso,mean,paw_vx,none,16,62902992,-0.0704188242091445,501.6894836425781,329.449951171875,0.0970362703456434,427,-0.4003698269717946,-0.1057660263244627,14,
cv,session_loso,attn,paw_vx,none,16,62902992,-0.0054605905318765,486.2287902832031,296.9491271972656,0.0591666791109548,427,-0.2281664454268409,-0.0569501508940372,14,
cv,session_loso,mean,paw_vx,none,17,6f36868f,-0.0353708480864181,575.2644653320312,275.13690185546875,-0.020638942128886,864,-0.2618115728127956,-0.1479188140612481,33,
cv,session_loso,attn,paw_vx,none,17,6f36868f,-0.0960306031151099,591.876220703125,316.75408935546875,-0.0345728333117539,864,-0.3981703822564701,-0.1288484069871625,33,
cv,session_loso,mean,paw_vx,none,18,6f6d2c8e,-0.0821636804363201,537.87841796875,313.0390625,-0.0836009198431778,1154,-0.4280584006936312,-0.3673396323365467,49,
cv,session_loso,attn,paw_vx,none,18,6f6d2c8e,-0.1350875165075216,550.8740844726562,366.6256713867188,-0.0478323664345158,1154,-0.5223095196384758,-0.4737609087023378,49,
cv,session_loso,mean,paw_vx,none,19,77e6dc6a,-0.3140684407316794,923.562255859375,583.726318359375,0.0007147692476573,1827,-1.9531029292511983,-0.6565700941417127,71,
cv,session_loso,attn,paw_vx,none,19,77e6dc6a,-0.4846909444562761,981.69189453125,642.0266723632812,-0.0313856787126859,1827,-2.654429738323416,-1.06969213720557,71,
cv,session_loso,mean,paw_vx,none,20,78b4fff5,-0.0553345437274979,757.6024169921875,450.74713134765625,-0.0403808048611953,5738,-0.4853874218058874,-0.2794870346914808,242,
cv,session_loso,attn,paw_vx,none,20,78b4fff5,-0.1185498515776699,779.9629516601562,486.555419921875,0.0200668224084671,5738,-0.6303917653926674,-0.4462120529722184,242,
cv,session_loso,mean,paw_vx,none,21,7bee9f09,-0.0157071252606906,712.161376953125,384.2481994628906,0.3538330924735189,435,-0.3773366236004862,-0.3187713127632066,18,
cv,session_loso,attn,paw_vx,none,21,7bee9f09,-0.0379858561281245,719.9293212890625,405.3734130859375,0.1207853698000625,435,-0.4066901170728509,-0.3967845423105163,18,
cv,session_loso,mean,paw_vx,none,22,7f150b7c,-0.1952856717149638,714.6162109375,403.7117004394531,0.1242435581228484,195,-0.3508326907698015,-0.3085468283704999,10,
cv,session_loso,attn,paw_vx,none,22,7f150b7c,-0.1234370247156246,692.8056030273438,398.7643432617188,0.2310033377474445,195,-0.2735054759955272,-0.1892760320435271,10,
cv,session_loso,mean,paw_vx,none,23,81a78eac,-0.0055334400089503,450.1817932128906,231.3369598388672,0.0864108125238441,3970,-0.342575836391906,-0.3537951405069984,160,
cv,session_loso,attn,paw_vx,none,23,81a78eac,0.0010124235689773,448.714111328125,239.43995666503903,0.0446068037087908,3970,-0.3552641236530007,-0.3115440885893681,160,
cv,session_loso,mean,paw_vx,none,24,88d24c31,-0.1843688472820213,1184.7677001953125,606.077392578125,-0.1202034510039346,1933,-0.5327593609954978,-0.441186880086021,70,
cv,session_loso,attn,paw_vx,none,24,88d24c31,-0.0945419393751414,1138.953369140625,527.28955078125,0.1194094784462685,1933,-0.3313595219235504,-0.2965400858341767,70,
cv,session_loso,mean,paw_vx,none,25,8c33abef,-0.3273798924470497,545.0995483398438,372.9730224609375,0.1001786029583862,4211,-2.578688327972176,-0.3724636615180425,185,
cv,session_loso,attn,paw_vx,none,25,8c33abef,-0.0267366236820567,479.4107055664063,285.36138916015625,-0.0073780853344389,4211,-0.4599440813934196,-0.1040211293237363,185,
cv,session_loso,mean,paw_vx,none,26,8d316998,-0.0634694455251483,495.2996215820313,312.19830322265625,-0.0098512375295939,276,-0.334847321161795,-0.1704927381950129,11,
cv,session_loso,attn,paw_vx,none,26,8d316998,-0.1169766428985614,507.60693359375,328.5997619628906,-0.1113360660626485,276,-0.4634970457454626,-0.2680688538015094,11,
cv,session_loso,mean,paw_vx,none,27,9468fa93,-0.0983398203474135,635.4295043945312,336.6225891113281,0.0401978802081247,1024,-0.4133778349378993,-0.1496681215433979,33,
cv,session_loso,attn,paw_vx,none,27,9468fa93,-0.0327341784650296,616.15966796875,282.7245178222656,0.0069196779537502,1024,-0.1987701874751474,-0.1531951824721897,33,
cv,session_loso,mean,paw_vx,none,28,9e9c6fc0,-0.594945758055436,1347.7017822265625,882.0359497070312,-0.3091369666380714,23,-0.594945758055436,-0.594945758055436,1,
cv,session_loso,attn,paw_vx,none,28,9e9c6fc0,-0.6216190865904201,1358.92431640625,893.9261474609375,-0.2934936904688427,23,-0.6216190865904201,-0.6216190865904201,1,
cv,session_loso,mean,paw_vx,none,29,a4000c2f,-0.0741255827726785,608.2564086914062,368.95123291015625,0.050800579201635,1106,-0.3722732894290821,-0.07970467389701,32,
cv,session_loso,attn,paw_vx,none,29,a4000c2f,-0.0686116153672526,606.6931762695312,352.3651123046875,-0.0458196333833741,1106,-0.3778476917135468,-0.234916079950206,32,
cv,session_loso,mean,paw_vx,none,30,a405053a,-0.0117108971962536,1067.923095703125,602.806396484375,0.0915273776929653,6759,-0.0902898018712616,-0.0304300822905183,319,
cv,session_loso,attn,paw_vx,none,30,a405053a,-0.0308484634445995,1077.9761962890625,594.363525390625,0.1657923030465104,6759,-0.188733953112371,-0.0388511056651856,319,
cv,session_loso,mean,paw_vx,none,31,a92c4b1d,-0.0728489912991203,660.3010864257812,345.5959777832031,-0.0584903888667469,132,-0.1877210696797955,-0.1948447115724472,5,
cv,session_loso,attn,paw_vx,none,31,a92c4b1d,-0.0748881544032082,660.9283447265625,338.4888610839844,-0.0255143545893082,132,-0.176675123003155,-0.1957987467399939,5,
cv,session_loso,mean,paw_vx,none,32,aa3432cd,0.0014762192445263,526.3970947265625,272.69146728515625,0.0542860520778165,391,-0.2844049511922871,-0.3758590178268091,16,
cv,session_loso,attn,paw_vx,none,32,aa3432cd,-0.0087974110450419,529.09814453125,264.3765563964844,0.0239552853456158,391,-0.3066310856887477,-0.3251502052520927,16,
cv,session_loso,mean,paw_vx,none,33,ae8787b1,-0.0106243021395031,952.67236328125,531.3533935546875,0.0404657134046657,2774,-0.2378165006254895,-0.0674229800537969,150,
cv,session_loso,attn,paw_vx,none,33,ae8787b1,-0.0635200321458324,977.28564453125,556.4388427734375,-0.0391819215614663,2774,-0.3287022985051995,-0.1325521756957962,150,
cv,session_loso,mean,paw_vx,none,34,b69b86be,0.0224397091803407,567.9103393554688,300.88629150390625,0.1997897018286627,1496,-0.176968129198629,0.0075050517972745,68,
cv,session_loso,attn,paw_vx,none,34,b69b86be,-0.2101699892962474,631.8750610351562,394.7156677246094,0.1284102316929047,1496,-0.8836927446313497,-0.2620983403946466,68,
cv,session_loso,mean,paw_vx,none,35,bd456d8f,-0.0057799928300388,501.4100036621094,269.1194152832031,-0.0354474057020402,1844,-0.3174290784212723,-0.3081646325949585,87,
cv,session_loso,attn,paw_vx,none,35,bd456d8f,-0.0208219490494967,505.1455078125,275.5152282714844,-0.0944967465960749,1844,-0.3368907752750478,-0.2961719962401199,87,
cv,session_loso,mean,paw_vx,none,36,cb2ad999,-0.0469901993143524,496.6438903808594,296.6557922363281,0.0219819313506778,4788,-0.2024428867249755,-0.1532383986590955,135,
cv,session_loso,attn,paw_vx,none,36,cb2ad999,-0.053140423335501,498.1004333496094,299.1808776855469,0.0399129316939214,4788,-0.2020120056972741,-0.1797656092697133,135,
cv,session_loso,mean,paw_vx,none,37,cef05f87,0.0074426935673341,654.4781494140625,378.3450012207031,0.1136704787444384,475,-0.0646335829263759,-0.0027056950345509,19,
cv,session_loso,attn,paw_vx,none,37,cef05f87,-0.0197428372619736,663.3804321289062,372.8833618164063,0.1612065732209605,475,-0.0785728620014862,-0.0647998075410751,19,
cv,session_loso,mean,paw_vx,none,38,cf43dbb1,-0.0320102724609983,807.1337280273438,507.4929809570313,0.2617534309733411,207,-0.333540819203658,-0.1848547411518309,6,
cv,session_loso,attn,paw_vx,none,38,cf43dbb1,-0.0496158215503581,813.9891967773438,524.5698852539062,0.2786092215546035,207,-0.5000904175396056,-0.1302047750128077,6,
cv,session_loso,mean,paw_vx,none,39,d2918f52,0.0497158949362646,566.5885009765625,335.1527099609375,0.2270040440494956,1701,-0.1092357298210171,0.0083635701614014,63,
cv,session_loso,attn,paw_vx,none,39,d2918f52,0.0148648192795344,576.884521484375,323.9630126953125,0.1617531222209133,1701,-0.1516654877311288,-0.0570765449451176,63,
cv,session_loso,mean,paw_vx,none,40,d2f5a130,-0.0105903806915053,683.2841186523438,320.07421875,0.1348429791380032,1406,-0.1281667244736651,-0.0875829160168966,42,
cv,session_loso,attn,paw_vx,none,40,d2f5a130,-0.0105986818347381,683.2869262695312,301.2731018066406,0.2040103387166887,1406,-0.1274928809502563,-0.1215971183629811,42,
cv,session_loso,mean,paw_vx,none,41,d33baf74,-0.9078279036431434,546.7926635742188,364.8177185058594,-0.2015581909263398,705,-2.1427028510635027,-1.3389347642677176,25,
cv,session_loso,attn,paw_vx,none,41,d33baf74,-0.5589578188311497,494.2768859863281,326.2453308105469,-0.1828870984007117,705,-1.418890991221304,-1.2559922809934587,25,
cv,session_loso,mean,paw_vx,none,42,d839491f,0.0115859945062435,768.4000854492188,348.164306640625,0.1540415579683587,617,-0.1698301791214174,-0.0967417808289947,13,
cv,session_loso,attn,paw_vx,none,42,d839491f,0.0207728938895624,764.82080078125,345.0122985839844,0.1725973586199774,617,-0.1194300535145785,-0.0720764294674818,13,
cv,session_loso,mean,paw_vx,none,43,dfbe628d,-0.0091499635533964,808.4855346679688,388.2398376464844,-0.0164884935405489,904,-0.2605724052121714,-0.1841410096931652,42,
cv,session_loso,attn,paw_vx,none,43,dfbe628d,-0.0048771243995504,806.7720947265625,403.6345825195313,0.0387075315095773,904,-0.2437606582927597,-0.2301304042138369,42,
cv,session_loso,mean,paw_vx,none,44,e56541a5,-0.0486038128834527,429.7925109863281,259.5152587890625,0.2244251092467117,1780,-0.2919980559387555,-0.2534908301047907,87,
cv,session_loso,attn,paw_vx,none,44,e56541a5,-0.006313212029237,421.0364379882813,256.7235107421875,0.2401398779965831,1780,-0.2388016940022072,-0.152025901775501,87,
cv,session_loso,mean,paw_vx,none,45,ebc9392c,0.0008959504796285,631.6543579101562,382.42138671875,0.0682979290994287,417,-0.1553493970711058,-0.023969304337875,17,
cv,session_loso,attn,paw_vx,none,45,ebc9392c,-0.0006145469570022,632.1316528320312,373.2010192871094,0.0417874477691245,417,-0.1517476567958648,-0.0104325819152502,17,
cv,session_loso,mean,paw_vx,none,46,ebe2efe3,-0.641376687215309,766.8794555664062,505.7095336914063,0.0196271458096621,1449,-2.00300488336013,-0.751951785737649,77,
cv,session_loso,attn,paw_vx,none,46,ebe2efe3,-0.1764741466954711,649.2532958984375,425.35540771484375,0.0850444488509808,1449,-0.9856565102388908,-0.2940430834350223,77,
cv,session_loso,mean,paw_vx,none,47,ee8b36de,0.0012045269976467,523.5360107421875,277.7342224121094,0.042589761920608,3143,-0.4132143851934071,-0.3038844060836211,138,
cv,session_loso,attn,paw_vx,none,47,ee8b36de,0.0029319329904676,523.0831298828125,278.7704772949219,0.0560707514896704,3143,-0.4067063533108535,-0.2987275070938306,138,
cv,session_loso,mean,paw_vx,none,48,f3ce3197,0.0040220361438293,572.4158935546875,239.74969482421875,0.0830973196110728,4999,-0.1763785516514994,-0.0542803686291482,122,
cv,session_loso,attn,paw_vx,none,48,f3ce3197,0.0053503994064395,572.0340576171875,249.5670318603516,0.0927977711141793,4999,-0.1721101800175592,-0.0825474526929961,122,
cv,session_loso,mean,paw_vx,none,49,f88d4dd4,-0.0895624025174759,496.1496887207031,337.4754943847656,0.2782428169779788,50,0.1427227685234157,-0.0441855382798517,3,
cv,session_loso,attn,paw_vx,none,49,f88d4dd4,-0.0735352287252217,492.4870300292969,341.2656555175781,0.3118363371108116,50,0.0164425829726165,-0.1477497239997729,3,
cv,session_loso,mean,paw_vx,none,50,fb70ebf7,-0.130837504532435,482.1339416503906,232.44134521484372,-0.1094319615926266,508,-0.3068105376545982,-0.2580187886295073,11,
cv,session_loso,attn,paw_vx,none,50,fb70ebf7,-0.0256075564343116,459.1538391113281,247.563232421875,0.0312851564982172,508,-0.188075584706225,-0.1390614681391742,11,
cv,session_loso,mean,paw_vx,none,51,ff4187b5,-0.0158341525742131,626.4486694335938,395.1881103515625,0.1053623557130255,8099,-0.47559752655544,-0.0239833934664397,358,
cv,session_loso,attn,paw_vx,none,51,ff4187b5,-0.0908285472585765,649.160888671875,412.40435791015625,0.1045711092743977,8099,-0.7363893798480371,-0.0865323005393271,358,
cv,mouse_lomo,mean,paw_vx,none,0,CSHL049,0.0251863429445123,630.5776977539062,319.6948547363281,0.207764374781465,2318,-0.1082682937589267,-0.0633280595587855,76,
cv,mouse_lomo,attn,paw_vx,none,0,CSHL049,0.050003046761766,622.4993896484375,331.9130249023437,0.2525905782476389,2318,-0.069956159381801,-0.0007828064825022,76,
cv,mouse_lomo,mean,paw_vx,none,1,CSHL058,-0.0936924718336316,474.1494140625,238.41314697265625,-0.0852277212873509,508,-0.2590983871778254,-0.2579076818391299,11,
cv,mouse_lomo,attn,paw_vx,none,1,CSHL058,-0.1156847031191006,478.892822265625,242.79786682128903,-0.0665377629121235,508,-0.2932813397949764,-0.2703261542832118,11,
cv,mouse_lomo,mean,paw_vx,none,2,CSHL059,0.0165235450939251,610.4437255859375,334.09539794921875,0.2102293830285421,3136,-0.1854618784722395,-0.1286632969719059,113,
cv,mouse_lomo,attn,paw_vx,none,2,CSHL059,-0.0833904457811427,640.7021484375,292.1221008300781,0.0969528545950085,3136,-0.3197318621285258,-0.3097780640969172,113,
cv,mouse_lomo,mean,paw_vx,none,3,CSHL060,-0.0062315810710109,506.2654113769531,309.7708740234375,-0.027890109230229,1279,-0.1419929288345048,-0.034318164327395,41,
cv,mouse_lomo,attn,paw_vx,none,3,CSHL060,-0.0076016413007995,506.6099243164063,294.3339233398437,0.0459326946695492,1279,-0.1402706425487009,-0.0401665436254718,41,
cv,mouse_lomo,mean,paw_vx,none,4,CSH_ZAD_019,-0.0035848745025541,955.8865966796876,456.0467834472656,-0.053846879437131,490,-0.1042162277425499,-0.0383215641739003,16,
cv,mouse_lomo,attn,paw_vx,none,4,CSH_ZAD_019,-0.0003862942398837,954.3621215820312,453.4745788574219,0.0088734324212211,490,-0.1009823380140765,-0.0401498742579876,16,
cv,mouse_lomo,mean,paw_vx,none,5,CSH_ZAD_026,-0.1460229519382274,497.7879638671875,306.22174072265625,0.0941453792883525,10177,-0.7897102798116566,-0.4396467417601286,453,
cv,mouse_lomo,attn,paw_vx,none,5,CSH_ZAD_026,-0.2192558049222759,513.4464111328125,297.4464111328125,0.0452960246445037,10177,-0.9888451907732144,-0.404792652209027,453,
cv,mouse_lomo,mean,paw_vx,none,6,DY_011,0.0174051648048589,880.4608764648438,483.775146484375,0.2392814723744817,1133,-0.326580294116587,-0.2105422008431106,49,
cv,mouse_lomo,attn,paw_vx,none,6,DY_011,-0.0486715684734182,909.58349609375,509.6705627441406,0.0987308999966914,1133,-0.4149678527705288,-0.311999678261817,49,
cv,mouse_lomo,mean,paw_vx,none,7,DY_014,-0.0191577358265775,520.4097900390625,281.6932373046875,0.0199998112755477,4987,-0.375616334017219,-0.20112165453676,225,
cv,mouse_lomo,attn,paw_vx,none,7,DY_014,-0.0027680664016322,516.2083740234375,275.78228759765625,0.055149981559221,4987,-0.36838723402417,-0.2147838434806726,225,
cv,mouse_lomo,mean,paw_vx,none,8,KS023,-0.0147814779125112,599.4441528320312,317.4888916015625,0.0507918920402773,1238,-0.2845855133362428,-0.1533221961180655,37,
cv,mouse_lomo,attn,paw_vx,none,8,KS023,-0.0069025556366237,597.112548828125,307.98046875,-0.0148915031113756,1238,-0.1718284138511766,-0.04889108580917,37,
cv,mouse_lomo,mean,paw_vx,none,9,KS043,-0.0638663087979727,625.3779296875,314.51959228515625,0.0283599834010243,1024,-0.2938280399964458,-0.1861472658793315,33,
cv,mouse_lomo,attn,paw_vx,none,9,KS043,-0.0218431190696211,612.9020385742188,286.1282958984375,0.0319683707621126,1024,-0.1872799749913597,-0.1012389627650891,33,
cv,mouse_lomo,mean,paw_vx,none,10,KS046,-0.0102542665299827,736.5889892578125,354.4370422363281,-0.0316495660598727,1295,-0.2706401030981703,-0.2285593151905142,58,
cv,mouse_lomo,attn,paw_vx,none,10,KS046,-0.0036781867343194,734.187744140625,351.0415344238281,-0.0039036848955606,1295,-0.2349597087454907,-0.1845915945649935,58,
cv,mouse_lomo,mean,paw_vx,none,11,KS091,-0.0391732471246732,751.7791137695312,426.8683471679688,-0.0604319083619176,5738,-0.455675252902449,-0.2346996483945044,242,
cv,mouse_lomo,attn,paw_vx,none,11,KS091,-0.072778128455361,763.8379516601562,458.6089172363281,0.0110927440029098,5738,-0.5232400839481192,-0.2431657426754245,242,
cv,mouse_lomo,mean,paw_vx,none,12,NR_0027,-0.0122049827651511,897.3027954101562,484.1289367675781,0.0278491626440589,6597,-0.2702398985922509,-0.1075287544917282,335,
cv,mouse_lomo,attn,paw_vx,none,12,NR_0027,-0.0088432498179562,895.8115234375,489.07904052734375,0.0609846982053948,6597,-0.267256547283561,-0.1080251385033299,335,
cv,mouse_lomo,mean,paw_vx,none,13,NYU-21,-0.3971177088763913,600.7069702148438,409.9387817382813,0.01364346746829,5660,-2.0532347962384714,-0.3932455784077855,262,
cv,mouse_lomo,attn,paw_vx,none,13,NYU-21,-0.5119222409012116,624.9005126953125,403.94036865234375,0.0504979705036228,5660,-2.754638694858335,-0.6368152830883715,262,
cv,mouse_lomo,mean,paw_vx,none,14,NYU-30,-0.1669051500973752,863.1976318359375,528.420654296875,-0.0474981846017572,6063,-1.152081943942334,-0.3263803746015385,221,
cv,mouse_lomo,attn,paw_vx,none,14,NYU-30,-0.1280507987243391,848.705078125,514.0350952148438,-0.046290841092648,6063,-1.071848215148042,-0.2637033988498141,221,
cv,mouse_lomo,mean,paw_vx,none,15,NYU-37,0.0771022715219064,456.62896728515625,310.09063720703125,0.2927180271660105,50,0.2666272836621861,0.1695666871797727,3,
cv,mouse_lomo,attn,paw_vx,none,15,NYU-37,0.0176602868276236,471.1047973632813,318.6556701660156,0.2668417780756993,50,0.2305669560616714,0.0186294482430446,3,
cv,mouse_lomo,mean,paw_vx,none,16,NYU-48,-0.0212667468487277,1072.95458984375,607.0126342773438,0.00644806731462,6759,-0.0974989545661896,-0.0454542976786132,319,
cv,mouse_lomo,attn,paw_vx,none,16,NYU-48,-0.0133777902038731,1068.802490234375,612.7479248046875,0.0384145560741847,6759,-0.1007661675685234,-0.0279319579896824,319,
cv,mouse_lomo,mean,paw_vx,none,17,PL033,-0.0216110271401324,607.6002807617188,344.5979309082031,0.1250702722330872,1097,-0.1663068111682777,-0.1037140981174535,43,
cv,mouse_lomo,attn,paw_vx,none,17,PL033,-0.0049239073921536,602.6174926757812,344.7782287597656,0.14652578780001,1097,-0.1429898438164697,-0.0828804263201663,43,
cv,mouse_lomo,mean,paw_vx,none,18,SWC_038,-0.0602565303908326,354.95733642578125,157.66287231445312,0.020615953373628,6525,-12.15082025941837,-0.3429098849204233,147,
cv,mouse_lomo,attn,paw_vx,none,18,SWC_038,-0.0939634064446839,360.5554504394531,157.01808166503906,0.0089522887893599,6525,-39.39201964875929,-0.4513844168534162,147,
cv,mouse_lomo,mean,paw_vx,none,19,SWC_043,-0.0550710630594251,784.0862426757812,336.6394348144531,-0.103361574859325,6932,-0.2593537811528177,-0.1267173547313052,192,
cv,mouse_lomo,attn,paw_vx,none,19,SWC_043,-0.0343321037148796,776.341796875,325.8898620605469,-0.0323507267903415,6932,-0.2350459384827633,-0.1267119419398381,192,
cv,mouse_lomo,mean,paw_vx,none,20,SWC_061,-1.271954931988322,494.8504943847656,326.69744873046875,0.0127056431656611,1123,-2.7721700409450403,-1.955105511439436,31,
cv,mouse_lomo,attn,paw_vx,none,20,SWC_061,-1.2447152247729902,491.8750305175781,355.1858825683594,-0.0058592584732849,1123,-2.738070304510791,-1.787383299204548,31,
cv,mouse_lomo,mean,paw_vx,none,21,UCLA033,-0.0452210080699357,456.5805969238281,276.2197265625,0.0352195785214372,667,-0.4355006975367812,-0.2031625610145985,36,
cv,mouse_lomo,attn,paw_vx,none,21,UCLA033,-0.0494087360511006,457.4943542480469,280.799560546875,-0.0585266292701166,667,-0.4397915445840124,-0.2073242744825697,36,
cv,mouse_lomo,mean,paw_vx,none,22,UCLA034,-0.0166678196118219,637.1822509765625,377.48828125,0.0352971780483947,417,-0.1646342963426519,-0.0890740878123625,17,
cv,mouse_lomo,attn,paw_vx,none,22,UCLA034,-0.0075535895399909,634.3197021484375,381.2467651367188,0.0284080076829765,417,-0.184966784877777,-0.018805686901308,17,
cv,mouse_lomo,mean,paw_vx,none,23,UCLA035,-0.0490666874435685,579.0567626953125,278.2304077148437,0.103635507709685,864,-0.2836158643931364,-0.1572234887236854,33,
cv,mouse_lomo,attn,paw_vx,none,23,UCLA035,-0.0229699754437937,571.8090209960938,284.0660400390625,0.004934153872156,864,-0.2312238163134862,-0.1126726379771219,33,
cv,mouse_lomo,mean,paw_vx,none,24,UCLA037,-0.0291359832614506,487.2388000488281,306.0965881347656,0.1701165230962805,276,-0.2503332410005688,-0.1020217803743874,11,
cv,mouse_lomo,attn,paw_vx,none,24,UCLA037,-0.1215763771534297,508.6510314941406,328.9573669433594,-0.1433166036954683,276,-0.4729764003636262,-0.2765709779922949,11,
cv,mouse_lomo,mean,paw_vx,none,25,ZFM-01576,-0.5936135453023488,1347.1387939453125,833.1112670898438,-0.4946513829005329,23,-0.5936135453023488,-0.5936135453023488,1,
cv,mouse_lomo,attn,paw_vx,none,25,ZFM-01576,-0.518919078699204,1315.18896484375,881.72509765625,-0.2948648636477035,23,-0.518919078699204,-0.518919078699204,1,
cv,mouse_lomo,mean,paw_vx,none,26,ZFM-01936,-0.067955003630941,755.2189331054688,406.6422119140625,-0.0186848805661843,2558,-0.3136848181427168,-0.2116135504329264,102,
cv,mouse_lomo,attn,paw_vx,none,26,ZFM-01936,-0.0880587552629053,762.2940673828125,412.8998107910156,-0.0826460969897396,2558,-0.3242958050358379,-0.2172657898456754,102,
cv,mouse_lomo,mean,paw_vx,none,27,ZFM-01937,-0.2911837150988861,746.2420654296875,377.0169677734375,0.0463508256106995,2159,-0.7107661964070026,-0.4246376939376115,53,
cv,mouse_lomo,attn,paw_vx,none,27,ZFM-01937,-0.4439697079501494,789.1593017578125,413.9214782714844,0.0286831417737254,2159,-1.0684952832056407,-0.6501426528244745,53,
cv,mouse_lomo,mean,paw_vx,none,28,ZFM-02370,-0.0970091136623008,541.5552368164062,327.0868225097656,-0.0425582111744892,1154,-0.4521988390206432,-0.4530583694517962,49,
cv,mouse_lomo,attn,paw_vx,none,28,ZFM-02370,-0.0494664746352473,529.690185546875,313.0155334472656,-0.0191917108222288,1154,-0.3624378774407916,-0.3139788533222079,49,
cv,mouse_lomo,mean,paw_vx,none,29,ZM_2240,-0.2374144505507076,475.29388427734375,290.7132263183594,-0.1355815778920609,887,-0.8373690998518006,-0.4769502014925262,33,
cv,mouse_lomo,attn,paw_vx,none,29,ZM_2240,-0.1083711394408495,449.8287963867188,266.5994567871094,-0.1345320847955411,887,-0.5515360904170497,-0.3948379204793548,33,
cv,mouse_lomo,mean,paw_vx,none,30,ZM_2241,-0.0074369053695133,623.8541259765625,387.2271118164063,0.0984701092398792,8099,-0.4284529126791396,-0.0328678611974352,358,
cv,mouse_lomo,attn,paw_vx,none,30,ZM_2241,-0.0180948237771438,627.1453857421875,391.9549255371094,0.090225724765037,8099,-0.4478434600032047,-0.0370608584761921,358,
cv,mouse_lomo,mean,paw_vx,none,31,ZM_2245,-0.0505220477886718,497.4808654785156,304.4665222167969,0.0330364516141123,4788,-0.1921834599227189,-0.159819226169499,135,
cv,mouse_lomo,attn,paw_vx,none,31,ZM_2245,-0.1181153254292066,513.2359619140625,316.743896484375,0.0377900708697763,4788,-0.312849617841355,-0.2735996960113196,135,
cv,trial_repeat,mean,paw_vx,none,0,rep0,0.0602953186032626,713.4286499023438,420.6759033203125,0.2461013229114813,2608,-0.994998586047086,-0.0650045559278402,113,
cv,trial_repeat,attn,paw_vx,none,0,rep0,0.0411613308590945,720.6553955078125,428.0252990722656,0.2209819131494786,2608,-1.5594843405223084,-0.1224761512778145,113,
cv,trial_repeat,mean,paw_vx,none,1,rep1,0.0777828785637498,761.6271362304688,443.8738098144531,0.2880558286411903,1558,-6.624243626125221,-0.0485257498314906,69,
cv,trial_repeat,attn,paw_vx,none,1,rep1,0.1101354510806532,748.1484375,425.6598205566406,0.338302946833893,1558,-7.358817421566132,-0.0444989140142448,69,
cv,trial_repeat,mean,paw_vx,none,2,rep2,0.090821887111817,591.7808837890625,335.6369323730469,0.3266008096245562,872,-0.008485195650349,-0.0312246423252107,40,
cv,trial_repeat,attn,paw_vx,none,2,rep2,0.0740656705800085,597.209228515625,331.6142883300781,0.3408109223169954,872,-0.0204774895042004,-0.01267189541029,40,
cv,trial_repeat,mean,paw_vx,none,3,rep3,-0.0103226876457043,753.9645385742188,400.367919921875,0.0289334122761391,1899,-0.6719077286697336,-0.1207332649470517,74,
cv,trial_repeat,attn,paw_vx,none,3,rep3,-0.0099765345670124,753.8353881835938,404.578857421875,0.0533262932769389,1899,-0.6764353317418828,-0.0950645122215637,74,
cv,trial_repeat,mean,paw_vx,none,4,rep4,0.0214494342561264,609.3733520507812,338.14617919921875,0.1849931076885967,1080,-0.6723043118132077,-0.3290136358487638,46,
cv,trial_repeat,attn,paw_vx,none,4,rep4,0.0415108376426045,603.0946044921875,339.7768249511719,0.2373606662372324,1080,-0.6885410702223551,-0.3313756342038328,46,
cv,trial_extrapolation,mean,paw_vx,none,0,3063955,-0.0005588577455861,368.828369140625,137.6850128173828,-0.000115203147723,490,-0.1838361568653932,-0.1740695771946055,8,
cv,trial_extrapolation,attn,paw_vx,none,0,3063955,-0.0074890031735874,370.10345458984375,149.38002014160156,-0.0008588749674433,490,-0.1946539933559888,-0.0796328762776921,8,
cv,trial_extrapolation,mean,paw_vx,none,1,0f77ca5d,0.0005131154028663,730.43212890625,373.0779418945313,0.0332088953179162,441,-0.3477477560973229,-0.1595806245186942,22,
cv,trial_extrapolation,attn,paw_vx,none,1,0f77ca5d,0.0003556874282358,730.4896240234375,367.7171936035156,0.0321271390459068,441,-0.3184800154935869,-0.1268634758672981,22,
cv,trial_extrapolation,mean,paw_vx,none,2,113c5b6c,0.0076674608768879,727.2723999023438,342.4570617675781,0.117553311321804,222,-0.0662176140407494,-0.0038459975930513,7,
cv,trial_extrapolation,attn,paw_vx,none,2,113c5b6c,0.0032690061882673,728.8823852539062,339.0906677246094,0.1032403586677549,222,-0.0647836315105474,-0.01307042292277,7,
cv,trial_extrapolation,mean,paw_vx,none,3,1e45d992,-0.0047933982218009,353.1767883300781,104.32942962646484,-0.026911427009828,278,-1.0841736174314085,-0.4193580669127905,10,
cv,trial_extrapolation,attn,paw_vx,none,3,1e45d992,-0.0064128616437093,353.4612731933594,103.10233306884766,-0.0465147726144907,278,-1.0259726348984304,-0.4062592835164089,10,
cv,trial_extrapolation,mean,paw_vx,none,4,259927fd,0.0671607822796411,606.2467651367188,376.4565124511719,0.3612709635872127,99,-0.0685359734699334,-0.0459334327953763,6,
cv,trial_extrapolation,attn,paw_vx,none,4,259927fd,0.0725196934359663,604.5028686523438,369.3710021972656,0.3760532958243552,99,-0.0616394596573087,-0.0425149693606353,6,
cv,trial_extrapolation,mean,paw_vx,none,5,2c44a360,-0.0345162063034711,542.3263549804688,251.3207244873047,0.0783498284094783,318,-0.3335735455737322,-0.3586531780781237,11,
cv,trial_extrapolation,attn,paw_vx,none,5,2c44a360,-0.0303544838802889,541.2344360351562,254.9088592529297,-0.0391742789849892,318,-0.3245960493642101,-0.3409098264034922,11,
cv,trial_extrapolation,mean,paw_vx,none,6,2e6e179c,-0.2045646733680537,544.009521484375,437.4245910644531,0.0309218460967777,441,-0.5406988521898252,-0.2738147872760383,14,
cv,trial_extrapolation,attn,paw_vx,none,6,2e6e179c,-0.2367085812522824,551.2201538085938,438.2200317382813,0.0301016126390758,441,-0.6042373070758387,-0.264656363514008,14,
cv,trial_extrapolation,mean,paw_vx,none,7,360eac0c,-0.0223160458798907,322.6455078125,232.10617065429688,0.284078900551428,72,-0.1397563495775144,-0.0341419135356957,5,
cv,trial_extrapolation,attn,paw_vx,none,7,360eac0c,-0.0262008751764841,323.2579650878906,227.3024444580078,0.2974628776141126,72,-0.1478675814007973,-0.0408240324149657,5,
cv,trial_extrapolation,mean,paw_vx,none,8,36280321,-3.3901970640583343,703.246826171875,613.3348388671875,0.0442349148622636,214,-4.567188905639285,-1.095209723615037,6,
cv,trial_extrapolation,attn,paw_vx,none,8,36280321,-5.3858234825417295,848.1530151367188,755.6775512695312,0.0100890778852847,214,-7.166267014958179,-1.8172158969593213,6,
cv,trial_extrapolation,mean,paw_vx,none,9,4aa1d525,0.0011423752102924,929.5928955078124,520.4360961914062,0.0763083112804693,244,-0.4241076581633291,-0.3490034525106326,12,
cv,trial_extrapolation,attn,paw_vx,none,9,4aa1d525,-0.0004478267104697,930.3325805664062,516.4513549804688,-0.0099497741957972,244,-0.4156757775931326,-0.412770383940047,12,
cv,trial_extrapolation,mean,paw_vx,none,10,5455a21c,0.0015035503883741,542.0785522460938,322.732177734375,0.0689561039789591,61,-0.4014859550043722,-0.3866982753431913,4,
cv,trial_extrapolation,attn,paw_vx,none,10,5455a21c,0.0002392164642371,542.421630859375,322.03472900390625,0.0646976705037363,61,-0.4125336924528857,-0.3761000429637511,4,
cv,trial_extrapolation,mean,paw_vx,none,11,5569f363,-0.0033067048763506,859.4009399414062,583.1030883789062,0.0919742714944744,144,-0.4948921117818323,-0.4403889631462307,7,
cv,trial_extrapolation,attn,paw_vx,none,11,5569f363,-0.0047194117934499,860.0057983398438,582.436767578125,0.0089294549562013,144,-0.4983278629139908,-0.5092247843868081,7,
cv,trial_extrapolation,mean,paw_vx,none,12,57b5ae8f,-0.322747330419195,488.4028015136719,414.4342041015625,0.15976118094768,400,-1.135714712431621,0.2139832464844058,10,
cv,trial_extrapolation,attn,paw_vx,none,12,57b5ae8f,-0.2893107223480171,482.1903381347656,405.4543762207031,0.1552648465833391,400,-1.063196367293817,0.1925729525747774,10,
cv,trial_extrapolation,mean,paw_vx,none,13,5adab0b7,-0.025168593669838,388.3328857421875,256.47998046875,0.1127320907838566,406,-0.2581229999881885,-0.2137849074349302,10,
cv,trial_extrapolation,attn,paw_vx,none,13,5adab0b7,-0.045095629880967,392.0888671875,267.6430358886719,0.1170137692822314,406,-0.2783466058018525,-0.2148693233266391,10,
cv,trial_extrapolation,mean,paw_vx,none,14,5ec72172,-0.0082680990581653,649.8508911132812,466.8512268066406,-0.045353249032516,403,-0.2946616383265885,-0.160134810587212,15,
cv,trial_extrapolation,attn,paw_vx,none,14,5ec72172,-0.0083155578120646,649.8662109375,467.7670593261719,-0.0481503345819257,403,-0.2949496090175278,-0.1638882052066954,15,
cv,trial_extrapolation,mean,paw_vx,none,15,626126d5,-0.0203652936765903,394.4026489257813,212.2440185546875,0.0295595989189699,574,-0.3213534026853266,-0.2966489349240075,25,
cv,trial_extrapolation,attn,paw_vx,none,15,626126d5,-0.0221928610189521,394.7557067871094,211.6612243652344,-0.0507010700419605,574,-0.3126576733561655,-0.2829419696691875,25,
cv,trial_extrapolation,mean,paw_vx,none,16,62902992,-0.1098815461194593,576.5372314453125,305.78369140625,0.2006791701238754,94,-0.2278520630312824,-0.1812995838174829,5,
cv,trial_extrapolation,attn,paw_vx,none,16,62902992,-0.1309756297512969,581.9901733398438,305.0917663574219,-0.1747479318587384,94,-0.261709568535669,-0.2284805695707019,5,
cv,trial_extrapolation,mean,paw_vx,none,17,6f36868f,-0.0366861235848683,595.7296142578125,338.9169006347656,0.0106668289966567,158,-0.1588204544642955,-0.1336338392415617,5,
cv,trial_extrapolation,attn,paw_vx,none,17,6f36868f,-0.0438584894569538,597.786865234375,344.6449279785156,0.0086737135980848,158,-0.176747292854305,-0.1428046813184031,5,
cv,trial_extrapolation,mean,paw_vx,none,18,6f6d2c8e,0.0001838050585809,476.8887023925781,308.3999328613281,0.1098225281009955,190,-0.1736901389134987,-0.0685553934836868,9,
cv,trial_extrapolation,attn,paw_vx,none,18,6f6d2c8e,-0.0720143849293286,493.8070068359375,328.0190124511719,0.2235014911015952,190,-0.3016664687668044,-0.017115418623909,9,
cv,trial_extrapolation,mean,paw_vx,none,19,77e6dc6a,-0.0290471895284281,913.748291015625,561.45654296875,0.1815682426754709,169,-0.1684528133900386,-0.0680537161664092,7,
cv,trial_extrapolation,attn,paw_vx,none,19,77e6dc6a,-0.0241553768667042,911.5738525390624,567.1328125,-0.0959995515714515,169,-0.1697718809525947,-0.0847361194278055,7,
cv,trial_extrapolation,mean,paw_vx,none,20,78b4fff5,-0.0062663574945767,693.6819458007812,416.8211364746094,0.0281193708595924,761,-0.3678430587217267,-0.0902328527220651,26,
cv,trial_extrapolation,attn,paw_vx,none,20,78b4fff5,-0.0016908940297,692.10302734375,406.85205078125,0.0695852234581358,761,-0.3734307657460904,-0.0811262978919538,26,
cv,trial_extrapolation,mean,paw_vx,none,21,7bee9f09,-1.6787210845939966,485.4674987792969,425.57275390625,0.0251665884374769,173,-1.451541294668722,-1.6603288854871954,3,
cv,trial_extrapolation,attn,paw_vx,none,21,7bee9f09,-2.116937302766984,523.67333984375,466.9097595214844,-0.0679888877290045,173,-1.8553879476398232,-2.114626303309095,3,
cv,trial_extrapolation,mean,paw_vx,none,22,7f150b7c,-0.054176534106644,626.1935424804688,428.7123718261719,0.0237684259022929,85,-0.0910064896405411,-0.0391613970633683,4,
cv,trial_extrapolation,attn,paw_vx,none,22,7f150b7c,-0.0292775219156979,618.7542114257812,419.6425476074219,0.0068029509025851,85,-0.0800241211741931,-0.0325026117021804,4,
cv,trial_extrapolation,mean,paw_vx,none,23,81a78eac,-0.0807626940911105,240.4710693359375,134.39816284179688,-0.0629567133890757,724,-0.2377208382753038,-0.1776429241119669,28,
cv,trial_extrapolation,attn,paw_vx,none,23,81a78eac,-0.16787630376381,249.97471618652344,149.4028778076172,-0.0055724393020032,724,-0.4456521954504455,-0.3633815193141102,28,
cv,trial_extrapolation,mean,paw_vx,none,24,88d24c31,-0.4547250448271807,606.889404296875,490.7962951660156,0.1299609515215393,395,-0.4519060903243141,0.0957791156310026,11,
cv,trial_extrapolation,attn,paw_vx,none,24,88d24c31,-0.4448270453624481,604.8212280273438,486.8531494140625,0.1299382554297217,395,-0.4203883489428595,0.2244693037522426,11,
cv,trial_extrapolation,mean,paw_vx,none,25,8c33abef,-0.0579260560334211,395.97564697265625,229.6581878662109,0.0243340802283223,476,-0.4816237989620693,-0.0840847818950776,19,
cv,trial_extrapolation,attn,paw_vx,none,25,8c33abef,-0.08890631318503,401.731689453125,242.4223175048828,-0.0093800790327389,476,-0.5271599024905202,-0.1277215221007825,19,
cv,trial_extrapolation,mean,paw_vx,none,26,8d316998,-0.1051606237357056,489.1679382324219,348.5550231933594,-0.0937158979664943,136,-0.343251985711611,-0.0575909877523875,6,
cv,trial_extrapolation,attn,paw_vx,none,26,8d316998,-0.105987764065951,489.3509521484375,349.8724670410156,0.072016512914827,136,-0.3445015516536695,-0.0584299012008587,6,
cv,trial_extrapolation,mean,paw_vx,none,27,9468fa93,0.1215418649566686,389.9876708984375,235.298095703125,0.3554046734966084,231,0.0473030687257742,0.1950904528047984,11,
cv,trial_extrapolation,attn,paw_vx,none,27,9468fa93,0.0194581745748023,412.0248718261719,284.0032043457031,0.2190831302420781,231,-0.0970747165154962,-0.0295915831626849,11,
cv,trial_extrapolation,mean,paw_vx,none,28,a4000c2f,-0.0693627535007608,375.95556640625,206.42442321777344,-0.0555883461965332,189,-0.1779665977403591,-0.1576612148140526,7,
cv,trial_extrapolation,attn,paw_vx,none,28,a4000c2f,-0.059868065244478,374.2828063964844,200.63180541992188,-0.0543661575301722,189,-0.165007617290457,-0.1694077888859426,7,
cv,trial_extrapolation,mean,paw_vx,none,29,a405053a,-0.0542349428136317,834.1019287109375,547.259521484375,0.1313297546542156,940,-4.551541320011329,-0.1697045879386385,35,
cv,trial_extrapolation,attn,paw_vx,none,29,a405053a,-0.0447538517159546,830.3427734375,534.363525390625,0.1202712312708853,940,-3.5068036342127837,-0.1725966783024244,35,
cv,trial_extrapolation,mean,paw_vx,none,30,aa3432cd,-0.0007755660339379,494.4112854003906,272.0870361328125,0.0403878923456813,262,-0.2553542037762269,-0.234963090677718,13,
cv,trial_extrapolation,attn,paw_vx,none,30,aa3432cd,-1.8800046976297224e-05,494.2243347167969,271.3869323730469,0.0357344555138897,262,-0.2513138994761977,-0.2398210771722579,13,
cv,trial_extrapolation,mean,paw_vx,none,31,ae8787b1,-0.089656981832306,532.4803466796875,313.71697998046875,0.2065122751457561,382,-14.979857454718717,-0.1643491717483871,19,
cv,trial_extrapolation,attn,paw_vx,none,31,ae8787b1,-0.0657461854351459,526.605712890625,306.8428955078125,0.1926932765027473,382,-12.29589955200939,-0.1595167080329418,19,
cv,trial_extrapolation,mean,paw_vx,none,32,b69b86be,-0.1143539071410422,317.72613525390625,228.6312561035156,0.0013209142717898,295,-0.2933246907565549,-0.0681836295247186,8,
cv,trial_extrapolation,attn,paw_vx,none,32,b69b86be,-0.0901710984398722,314.2597045898437,221.7739105224609,0.013695168787331,295,-0.2650861903115943,-0.091692893336974,8,
cv,trial_extrapolation,mean,paw_vx,none,33,bd456d8f,-0.0001839010467066,473.1250915527344,245.89581298828125,0.0678004156748472,242,-0.1047486857340244,-0.0145541142087834,9,
cv,trial_extrapolation,attn,paw_vx,none,33,bd456d8f,-0.001085721535259,473.33831787109375,246.1473846435547,-0.024064858238307,242,-0.1069862483666787,-0.0143365040936993,9,
cv,trial_extrapolation,mean,paw_vx,none,34,cb2ad999,-0.0111491853909531,403.2506713867188,246.5505523681641,0.0961717354618935,844,-0.1041550870905796,-0.076388951455075,23,
cv,trial_extrapolation,attn,paw_vx,none,34,cb2ad999,-0.0139557431787675,403.8099365234375,250.70628356933597,0.1059855013132359,844,-0.1079762162206568,-0.0647044802354437,23,
cv,trial_extrapolation,mean,paw_vx,none,35,cef05f87,-0.0250038000375192,537.7298583984375,330.67999267578125,-0.0201598764042428,117,-0.2019254092872208,-0.2026489586097399,6,
cv,trial_extrapolation,attn,paw_vx,none,35,cef05f87,-0.0217794007853013,536.8834228515625,326.52642822265625,-0.0155683788742821,117,-0.1961857699416037,-0.2015146344461799,6,
cv,trial_extrapolation,mean,paw_vx,none,36,cf43dbb1,-0.0113371008650438,952.6971435546876,706.8060913085938,0.1378099797067183,17,-0.0113371008650438,-0.0113371008650438,1,
cv,trial_extrapolation,attn,paw_vx,none,36,cf43dbb1,-0.0218766772951579,957.6484985351562,725.5017700195312,0.1296881124848487,17,-0.0218766772951579,-0.0218766772951579,1,
cv,trial_extrapolation,mean,paw_vx,none,37,d2918f52,-0.1781055285282886,328.7113342285156,252.85765075683597,0.1511398613051278,418,-0.3080914732527096,-0.1087073102056328,9,
cv,trial_extrapolation,attn,paw_vx,none,37,d2918f52,-0.1116893426474503,319.311279296875,241.2350616455078,0.1492575651022543,418,-0.2304365647454959,-0.0604216762327591,9,
cv,trial_extrapolation,mean,paw_vx,none,38,d2f5a130,-0.1046084916071812,547.254638671875,409.9487915039063,0.2306372134269587,338,-1.2472622133424918,-0.3129363259581479,10,
cv,trial_extrapolation,attn,paw_vx,none,38,d2f5a130,-0.0640868598504973,537.123046875,414.6206665039063,0.2662812707114678,338,-1.051140580376991,-0.2289373815064362,10,
cv,trial_extrapolation,mean,paw_vx,none,39,d33baf74,-0.0110928564188632,446.7830505371094,289.9608764648437,0.1117492046323049,137,-0.1999463428624435,-0.1325529666752685,7,
cv,trial_extrapolation,attn,paw_vx,none,39,d33baf74,-0.0144694232641449,447.5284423828125,290.3284606933594,-0.0263675241417069,137,-0.2068686309952447,-0.1487419871637545,7,
cv,trial_extrapolation,mean,paw_vx,none,40,d839491f,-0.0894701544604019,401.6985473632813,287.377685546875,0.1546823560729139,274,-0.3640778594120235,-0.2631393895867497,10,
cv,trial_extrapolation,attn,paw_vx,none,40,d839491f,-0.1091869029832306,405.317138671875,292.4153137207031,0.1499438829412938,274,-0.4057300818002644,-0.3254347485124756,10,
cv,trial_extrapolation,mean,paw_vx,none,41,dfbe628d,-0.0215666511414687,675.064697265625,335.3737487792969,-0.0626424591883439,310,-0.2102369967146341,-0.1591594569570844,12,
cv,trial_extrapolation,attn,paw_vx,none,41,dfbe628d,-0.0028192660563042,668.8417358398438,365.4983215332031,0.1054900771036669,310,-0.1920270499725525,-0.0853539133840397,12,
cv,trial_extrapolation,mean,paw_vx,none,42,e56541a5,0.0323780717341157,276.61962890625,176.06529235839844,0.3931033531707147,213,-0.8597902787300847,-0.3155729834675762,13,
cv,trial_extrapolation,attn,paw_vx,none,42,e56541a5,0.0486874756536002,274.27850341796875,165.47267150878906,0.3897755545973629,213,-0.7760682223612435,-0.3130808283271218,13,
cv,trial_extrapolation,mean,paw_vx,none,43,ebc9392c,-0.0043764698364991,659.9571533203125,449.3535461425781,0.0588080722913803,34,-0.0044746141151775,-0.0044746141151775,2,
cv,trial_extrapolation,attn,paw_vx,none,43,ebc9392c,-0.0054124762839298,660.2974853515625,443.1095886230469,0.0594679088446836,34,-0.0055258296379609,-0.0055258296379609,2,
cv,trial_extrapolation,mean,paw_vx,none,44,ebe2efe3,-0.0451493129887288,522.62890625,342.20330810546875,-0.058500651442075,129,-0.185763675824241,-0.0200545595561774,9,
cv,trial_extrapolation,attn,paw_vx,none,44,ebe2efe3,-0.041610385660908,521.7433471679688,343.9955139160156,0.0540987998541191,129,-0.1772593616839519,-0.013041568372734,9,
cv,trial_extrapolation,mean,paw_vx,none,45,ee8b36de,-0.0002408239776561,511.5013122558594,255.06204223632807,0.0375311546738462,378,-0.3583292569424251,-0.4138627970381776,14,
cv,trial_extrapolation,attn,paw_vx,none,45,ee8b36de,0.0007778264391062,511.2407531738281,266.01513671875,0.035003103345756,378,-0.3963803269694606,-0.3670316040210042,14,
cv,trial_extrapolation,mean,paw_vx,none,46,f3ce3197,-0.0379351001089043,470.141357421875,227.6470184326172,-0.0061104915072565,844,-0.2333361517421416,-0.1641027256823509,18,
cv,trial_extrapolation,attn,paw_vx,none,46,f3ce3197,-0.0306348743816955,468.485107421875,205.99073791503903,-0.0115428427886751,844,-0.1992301283409072,-0.1240523089363013,18,
cv,trial_extrapolation,mean,paw_vx,none,47,f88d4dd4,-0.8054591621929947,404.795654296875,286.79718017578125,0.5082522280319286,31,-0.8127699222286311,-0.8127699222286311,2,
cv,trial_extrapolation,attn,paw_vx,none,47,f88d4dd4,-0.6318687582316764,384.8439331054688,274.785888671875,0.5063537535905128,31,-0.6388908425408316,-0.6388908425408316,2,
cv,trial_extrapolation,mean,paw_vx,none,48,fb70ebf7,-0.2267067490434977,451.0797729492188,329.5115966796875,0.2583193011767085,451,-0.2128054649185352,0.2465326069315325,14,
cv,trial_extrapolation,attn,paw_vx,none,48,fb70ebf7,-0.2556238667519999,456.365478515625,339.8805236816406,0.2504662414457363,451,-0.25853349358745,0.2541390023693074,14,
cv,trial_extrapolation,mean,paw_vx,none,49,ff4187b5,-0.0211533050006018,599.2094116210938,355.8078918457031,-0.0114299870496317,906,-0.4478443743342767,-0.1464305108875448,38,
cv,trial_extrapolation,attn,paw_vx,none,49,ff4187b5,-0.0184296594203925,598.4097900390625,356.09649658203125,0.0067923738055137,906,-0.455404835757376,-0.1183572941997703,38,
cv,session_loso,mean,paw_vx,none,0,3063955,-0.0168446432342683,421.7201843261719,197.945556640625,0.0233460647856172,2910,-0.2992198184976176,-0.1353807344474562,73,
cv,session_loso,attn,paw_vx,none,0,3063955,-0.0004219274092285,418.3008117675781,171.9417266845703,0.0226799364029138,2910,-0.2318734740419317,-0.1183518460565566,73,
cv,session_loso,mean,paw_vx,none,1,0f77ca5d,-0.0233969506980624,806.7569580078125,422.6622009277344,0.0130318546754236,4550,-2.1378469521144,-0.1936761713201533,218,
cv,session_loso,attn,paw_vx,none,1,0f77ca5d,-0.003513278969063,798.8811645507812,426.8675537109375,0.0585883988454586,4550,-3.0762735948316817,-0.1947353984980242,218,
cv,session_loso,mean,paw_vx,none,2,113c5b6c,-0.4760680469237934,761.977783203125,418.3395385742188,0.0480536092351077,2516,-1.6989380951793291,-0.8223850387009981,69,
cv,session_loso,attn,paw_vx,none,2,113c5b6c,-0.301610746409656,715.5330200195312,340.3349609375,0.0314520697207573,2516,-1.0506441221087286,-0.4715354296455489,69,
cv,session_loso,mean,paw_vx,none,3,1e45d992,-0.0424448740150709,285.3160095214844,105.46053314208984,0.1079893232967865,4198,-13.46473459953845,-0.4321404536346895,100,
cv,session_loso,attn,paw_vx,none,3,1e45d992,-0.1266808791978593,296.6197509765625,126.77225494384766,0.0788634762865413,4198,-39.56518796808959,-1.1205613109897925,100,
cv,session_loso,mean,paw_vx,none,4,259927fd,-0.0120857996066716,614.6791381835938,356.8792724609375,0.1905035421531624,1328,-0.2606082938747397,-0.1655480576849414,72,
cv,session_loso,attn,paw_vx,none,4,259927fd,-0.1073331986124213,642.95263671875,376.8338317871094,-0.0072254955990586,1328,-0.3282191640961532,-0.2385877789149667,72,
cv,session_loso,mean,paw_vx,none,5,2c44a360,0.0078905117863916,791.0551147460938,414.2116088867188,0.0898832070377312,2177,-0.3478929995194163,-0.258983930535638,109,
cv,session_loso,attn,paw_vx,none,5,2c44a360,0.0062697678004395,791.7009887695312,409.700439453125,0.0932679566799282,2177,-0.3473289153724213,-0.2567643628585276,109,
cv,session_loso,mean,paw_vx,none,6,2e6e179c,-0.141834876110781,818.3045654296875,449.7290954589844,-0.1795559446539421,3648,-0.3347128656345292,-0.2130244793998623,141,
cv,session_loso,attn,paw_vx,none,6,2e6e179c,-0.0340385969457059,778.7205810546875,424.2478332519531,0.052997512147949,3648,-0.2865552389986973,-0.1728528999611771,141,
cv,session_loso,mean,paw_vx,none,7,360eac0c,-1.9824508504288063,656.0750122070312,522.4678955078125,-0.0421576583125824,1477,-5.767715666605185,-4.435880978255886,52,
cv,session_loso,attn,paw_vx,none,7,360eac0c,-1.0531381436131002,544.34716796875,389.9812927246094,-0.0287985597746455,1477,-3.41688938809209,-2.9119740301950063,52,
cv,session_loso,mean,paw_vx,none,8,36280321,-0.0799618284429537,856.724853515625,460.47308349609375,0.2238362668206117,1049,-0.2117568028579716,-0.1612252853332982,56,
cv,session_loso,attn,paw_vx,none,8,36280321,-0.1499069368345031,884.0330810546875,455.9067687988281,0.273311315770283,1049,-0.3209226306603813,-0.2789936222778625,56,
cv,session_loso,mean,paw_vx,none,9,4aa1d525,-0.0184549667199915,883.240966796875,441.72564697265625,-0.21961892271315,3060,-0.3929144862749665,-0.2061439582194046,117,
cv,session_loso,attn,paw_vx,none,9,4aa1d525,-0.0134987270237587,881.0892333984375,448.9024963378906,-0.0185138747243814,3060,-0.4135108625641217,-0.2065025936944224,117,
cv,session_loso,mean,paw_vx,none,10,5455a21c,-0.0161437432219324,489.1501159667969,290.0504455566406,-0.0330823561538979,896,-0.4685163412982022,-0.2164001284363708,47,
cv,session_loso,attn,paw_vx,none,10,5455a21c,-0.0250030155183298,491.27783203125,293.0959777832031,-0.0699459578230471,896,-0.5350128005892104,-0.2042034043945984,47,
cv,session_loso,mean,paw_vx,none,11,5569f363,-0.0060106235410177,803.7314453125,477.9808349609375,-0.0885311960025513,2569,-0.546650578011402,-0.07956810405872,88,
cv,session_loso,attn,paw_vx,none,11,5569f363,-0.0051258955254882,803.3779296875,466.7656555175781,-0.0114818890957045,2569,-0.6040756443212241,-0.0871725841624228,88,
cv,session_loso,mean,paw_vx,none,12,57b5ae8f,-0.133794326563803,550.8338012695312,286.6531982421875,-0.1168247285302826,2261,-0.5006908119935659,-0.464489437415959,100,
cv,session_loso,attn,paw_vx,none,12,57b5ae8f,-0.1680283215116642,559.0879516601562,305.2245788574219,0.0359817385853383,2261,-0.5610469521063828,-0.5434585785815095,100,
cv,session_loso,mean,paw_vx,none,13,5adab0b7,-0.0270771512544365,517.4689331054688,260.3240661621094,0.058144132678455,2505,-0.3626678545114346,-0.2745125337550566,96,
cv,session_loso,attn,paw_vx,none,13,5adab0b7,-0.0489670141624773,522.9542236328125,281.0764465332031,0.1158484027320838,2505,-0.4365374589394452,-0.2913314320015291,96,
cv,session_loso,mean,paw_vx,none,14,5ec72172,-0.0727773377921987,862.8167114257812,521.7527465820312,-0.0999154113706746,2576,-0.7281134489433353,-0.2457777629302487,94,
cv,session_loso,attn,paw_vx,none,14,5ec72172,-0.0646023362659491,859.5228881835938,520.1655883789062,-0.109001459452148,2576,-0.6665569785195493,-0.2431692202316346,94,
cv,session_loso,mean,paw_vx,none,15,626126d5,-0.2709680832482006,425.4541320800781,253.4308319091797,0.0495507784958254,4695,-2.957346244213641,-0.8807197180129507,237,
cv,session_loso,attn,paw_vx,none,15,626126d5,-0.0010196103802893,377.5780334472656,194.5091857910156,0.0355231435547083,4695,-0.3182269275084894,-0.2249234923791676,237,
cv,session_loso,mean,paw_vx,none,16,62902992,-0.3148006299594401,577.301025390625,364.4749145507813,-0.0678764232159221,1381,-0.7830790278793626,-0.5434198000230414,54,
cv,session_loso,attn,paw_vx,none,16,62902992,-0.093302138773138,526.4322509765625,314.9806213378906,-0.0214577673040077,1381,-0.3373982222996125,-0.1705569403945315,54,
cv,session_loso,mean,paw_vx,none,17,6f36868f,-0.0251145279833122,545.4453735351562,268.3714599609375,-0.0023796167510143,1128,-0.2421785738502237,-0.1058231817225978,47,
cv,session_loso,attn,paw_vx,none,17,6f36868f,-0.0938413506355044,563.4329223632812,309.3575744628906,-0.0559921965120371,1128,-0.4426292025893042,-0.2045803740967038,47,
cv,session_loso,mean,paw_vx,none,18,6f6d2c8e,-0.0657582842023007,532.7073364257812,315.3459777832031,-0.0574121815171698,2015,-0.4570042173449376,-0.4306449313608427,89,
cv,session_loso,attn,paw_vx,none,18,6f6d2c8e,-0.1089211889729147,543.3875122070312,367.2095947265625,-0.0137509908444489,2015,-0.5349961588176879,-0.558986169379889,89,
cv,session_loso,mean,paw_vx,none,19,77e6dc6a,-0.3871683666444161,921.410888671875,591.1256103515625,-0.0680666032058913,2371,-2.291931166951167,-0.6913938037286183,88,
cv,session_loso,attn,paw_vx,none,19,77e6dc6a,-0.5609989760413361,977.4398803710938,649.2369995117188,-0.073802073756747,2371,-3.127113651038842,-1.0106293715154102,88,
cv,session_loso,mean,paw_vx,none,20,78b4fff5,-0.0537815950092042,738.5362548828125,437.53216552734375,-0.0409909923505819,6139,-0.4780525929459822,-0.2790372278406219,256,
cv,session_loso,attn,paw_vx,none,20,78b4fff5,-0.1200654485218972,761.4093627929688,474.4477233886719,0.0236699539411378,6139,-0.6610228878958345,-0.4438814534553537,256,
cv,session_loso,mean,paw_vx,none,21,7bee9f09,0.0103433306695046,656.1890258789062,360.9374694824219,0.2650177453688989,613,-0.2840631840799993,-0.2602065524515862,29,
cv,session_loso,attn,paw_vx,none,21,7bee9f09,-0.0156463960146293,664.7493896484375,377.0231323242188,0.0888972245048868,613,-0.3061785957799746,-0.2224884727093123,29,
cv,session_loso,mean,paw_vx,none,22,7f150b7c,-0.0136186808482574,573.9172973632812,349.0180053710937,0.1021416704276205,822,-0.2185615424315745,-0.1343765299019683,37,
cv,session_loso,attn,paw_vx,none,22,7f150b7c,0.0336198099576282,560.3843994140625,344.6771240234375,0.225188147197376,822,-0.1550848819628305,-0.0590975980997592,37,
cv,session_loso,attn,paw_vx,none,23,81a78eac,0.0007714402343261,399.3655395507813,211.0396881103516,0.0324827884146589,5643,-0.3039001198786086,-0.2205897825982068,246,
cv,session_loso,mean,paw_vx,none,24,88d24c31,-0.198809375707974,1040.7276611328125,531.1134643554688,-0.1259217145617443,2727,-0.7012636756963029,-0.5572775978259255,107,
cv,session_loso,attn,paw_vx,none,24,88d24c31,-0.0940984643033406,994.2376098632812,447.85882568359375,0.1037641322975291,2727,-0.348329687824362,-0.3468418641003234,107,
cv,session_loso,mean,paw_vx,none,25,8c33abef,-0.3248580236673395,582.5281372070312,378.2015075683594,0.0750132675297844,4486,-2.5339545521201936,-0.503006331387998,201,
cv,session_loso,attn,paw_vx,none,25,8c33abef,-0.024401646748636,512.2328491210938,290.0015563964844,-0.0040782403495924,4486,-0.430659626551223,-0.0934032237081972,201,
cv,session_loso,mean,paw_vx,none,26,8d316998,-0.0113186003149359,571.5552368164062,336.7846069335937,0.0423286926123704,1165,-0.1899966564840921,-0.0897910039966723,52,
cv,session_loso,attn,paw_vx,none,26,8d316998,-0.0052908829028865,569.849365234375,344.54595947265625,-0.0189905992386455,1165,-0.2093620486233988,-0.0652730139167676,52,
cv,session_loso,mean,paw_vx,none,27,9468fa93,-0.0192888724534976,534.9031372070312,297.5873718261719,0.1128565226129437,2555,-0.2240308505987977,0.0004959836826188,103,
cv,session_loso,attn,paw_vx,none,27,9468fa93,0.0040234943505915,528.7507934570312,270.2828674316406,0.1148716043032425,2555,-0.2095846779561991,-0.1819378821154655,103,
cv,session_loso,mean,paw_vx,none,28,9e9c6fc0,-0.0423122686901888,1015.6084594726562,630.130615234375,-0.0071780094068274,49,-0.8413361956727184,-0.8413361956727184,2,
cv,session_loso,attn,paw_vx,none,28,9e9c6fc0,-0.1067099134710798,1046.5120849609375,657.2500610351562,-0.1394350375739601,49,-1.14330395752205,-1.14330395752205,2,
cv,session_loso,mean,paw_vx,none,29,a4000c2f,-0.1351437058274043,566.1185913085938,351.673583984375,0.0247477351127261,2053,-0.3729825246373037,-0.1844102363427671,68,
cv,session_loso,attn,paw_vx,none,29,a4000c2f,-0.0923439076302983,555.3434448242188,332.0267333984375,-0.003263960948727,2053,-0.3311775778530704,-0.2348793687925199,68,
cv,session_loso,mean,paw_vx,none,30,a405053a,-0.0099587954764994,1035.2032470703125,573.4720458984375,0.0910765203371113,7221,-2.376303706479899,-0.033004502438632,347,
cv,session_loso,attn,paw_vx,none,30,a405053a,-0.028965439680993,1044.898681640625,564.2910766601562,0.1617581667851323,7221,-0.4908472364599459,-0.0421222213560987,347,
cv,session_loso,mean,paw_vx,none,31,a92c4b1d,-0.0207585912082974,678.420654296875,363.6812744140625,-0.1178315812200468,188,-0.3146016578198912,-0.2044684395385847,8,
cv,session_loso,attn,paw_vx,none,31,a92c4b1d,-0.0173779600530976,677.2963256835938,356.0860290527344,-0.1255680116158649,188,-0.3093304255297383,-0.206555402892046,8,
cv,session_loso,mean,paw_vx,none,32,aa3432cd,0.0007448043082657,521.654052734375,285.8519592285156,0.0318555918563378,2561,-0.252389265524173,-0.2696834360456434,126,
cv,session_loso,attn,paw_vx,none,32,aa3432cd,-0.001328943047701,522.1950073242188,285.81451416015625,0.0191429042219208,2561,-0.2870509592594928,-0.2535799701991889,126,
cv,session_loso,mean,paw_vx,none,33,ae8787b1,-0.0190471176803734,841.03564453125,449.95654296875,0.0105818658593261,3879,-2.76888312369804,-0.1146362628183649,198,
cv,session_loso,attn,paw_vx,none,33,ae8787b1,-0.0867831966105918,868.537841796875,481.0128784179688,-0.0527968376183902,3879,-4.910676186995652,-0.2563620840320388,198,
cv,session_loso,mean,paw_vx,none,34,b69b86be,0.0173205146328925,538.6038818359375,281.2045288085937,0.1806684753482706,1690,-0.3468205168947441,-0.013878484164829,80,
cv,session_loso,attn,paw_vx,none,34,b69b86be,-0.2676562223603758,611.7363891601562,386.2717590332031,0.1198758476613962,1690,-2.858624729333987,-0.4605477643056651,80,
cv,session_loso,mean,paw_vx,none,35,bd456d8f,-0.0054240451571072,496.9804382324219,264.5634765625,-0.0301098556536331,2156,-0.2894464532794838,-0.1984474335853164,98,
cv,session_loso,attn,paw_vx,none,35,bd456d8f,-0.016972848020023,499.8265686035156,270.2212219238281,-0.0639331256308925,2156,-0.3027399305745777,-0.2422062389173342,98,
cv,session_loso,mean,paw_vx,none,36,cb2ad999,-0.0438564613497256,464.4446716308594,280.7159423828125,0.050322545216548,7314,-0.2472522756792108,-0.1548035086335977,231,
cv,session_loso,attn,paw_vx,none,36,cb2ad999,-0.0346199354698535,462.3853149414063,280.4965209960937,0.0883262961329132,7314,-0.1891882231314252,-0.153220304086493,231,
cv,session_loso,mean,paw_vx,none,37,cef05f87,-0.0451766553253738,574.0994873046875,341.2997436523437,0.0482746206544182,1322,-0.2159975316665597,-0.1799247960091842,54,
cv,session_loso,attn,paw_vx,none,37,cef05f87,0.0025912271315671,560.8269653320312,328.6924133300781,0.0518859353548378,1322,-0.1106024496331743,-0.0900840198378069,54,
cv,session_loso,mean,paw_vx,none,38,cf43dbb1,0.1331754545534842,976.01318359375,580.0181274414062,0.4265546294939523,308,-0.0727889945961973,0.093425564610339,12,
cv,session_loso,attn,paw_vx,none,38,cf43dbb1,0.1415569517624514,971.2830810546876,590.537841796875,0.451528575358688,308,-0.1498518793581747,0.0922063416705095,12,
cv,session_loso,mean,paw_vx,none,39,d2918f52,0.0269642986399907,564.0977172851562,332.77801513671875,0.1765924424496504,2304,-0.172572114477103,-0.0163193986541805,93,
cv,session_loso,attn,paw_vx,none,39,d2918f52,0.0044402202382622,570.5892944335938,321.67822265625,0.1198037495993153,2304,-0.1962271853689219,-0.0988009517109986,93,
cv,session_loso,mean,paw_vx,none,40,d2f5a130,-0.0016105862093538,559.8167114257812,278.4613952636719,0.1621769132689217,2452,-0.1017050023106547,-0.0553071018824345,94,
cv,session_loso,attn,paw_vx,none,40,d2f5a130,0.0063989437434011,557.5738525390625,260.26318359375,0.2265935608926725,2452,-0.0683680144881119,-0.0290507119013526,94,
cv,session_loso,mean,paw_vx,none,41,d33baf74,-0.5372354143118216,536.9981079101562,372.1951293945313,0.0425481376342249,1522,-1.7869945670070249,-1.0995909726396738,67,
cv,session_loso,attn,paw_vx,none,41,d33baf74,-0.230708050924139,480.48529052734375,321.55517578125,0.0791626580460029,1522,-1.0361191258518496,-0.5707128129838706,67,
cv,session_loso,mean,paw_vx,none,42,d839491f,0.0259898461992996,544.6263427734375,276.76055908203125,0.2281537245664299,2048,-0.1192610757539075,-0.074171663645072,89,
cv,session_loso,attn,paw_vx,none,42,d839491f,0.044947347649011,539.3001708984375,271.804443359375,0.2354869397490735,2048,-0.0294157882666953,0.0236016405519905,89,
cv,session_loso,mean,paw_vx,none,43,dfbe628d,-0.0196651447587044,682.6571655273438,351.3641052246094,-0.0445932449643296,2472,-0.3105874541780204,-0.262333989501479,124,
cv,session_loso,attn,paw_vx,none,43,dfbe628d,-0.0165990779756399,681.6300659179688,371.9194030761719,0.0123484479682317,2472,-0.3531184135854566,-0.3796731695389848,124,
cv,session_loso,mean,paw_vx,none,44,e56541a5,-0.0192839502872494,383.5948486328125,220.90853881835935,0.1838123887297901,2462,-0.3069998395048739,-0.2219834498549576,128,
cv,session_loso,attn,paw_vx,none,44,e56541a5,0.0116216868717842,377.7345886230469,220.79849243164065,0.1932690225813796,2462,-0.3683357360979203,-0.1819545068543213,128,
cv,session_loso,mean,paw_vx,none,45,ebc9392c,-0.0205234831681406,625.202392578125,387.2944946289063,0.0155995380235076,528,-0.297267523728075,-0.121567141130056,24,
cv,session_loso,attn,paw_vx,none,45,ebc9392c,-0.0277052328498788,627.3984375,378.6841430664063,-0.063551971605803,528,-0.3396743397842933,-0.0472784330613847,24,
cv,session_loso,mean,paw_vx,none,46,ebe2efe3,-0.6707656648383875,801.9419555664062,523.7141723632812,-0.0107006312586303,1517,-2.401678018605742,-1.003728553999882,81,
cv,session_loso,attn,paw_vx,none,46,ebe2efe3,-0.2051996547349697,681.1058959960938,441.00537109375,0.0565021366769647,1517,-1.2132722798620412,-0.329553280428084,81,
cv,session_loso,mean,paw_vx,none,47,ee8b36de,0.0001344499909484,518.5579833984375,274.6851806640625,0.0335254519363438,3286,-0.3959110502183452,-0.2569047557286358,146,
cv,session_loso,attn,paw_vx,none,47,ee8b36de,0.0009844786115218,518.3374633789062,275.87750244140625,0.0428134356812805,3286,-0.3885351292936646,-0.2547113852308877,146,
cv,session_loso,mean,paw_vx,none,48,f3ce3197,0.0037302600916332,545.5438842773438,234.524169921875,0.0714672173582382,6186,-0.1825952790476769,-0.0885810579394599,179,
cv,session_loso,attn,paw_vx,none,48,f3ce3197,0.0049251613458678,545.2166137695312,244.1441345214844,0.0807820911964361,6186,-0.1802570218206096,-0.101322796221688,179,
cv,session_loso,mean,paw_vx,none,49,f88d4dd4,-0.0544168044510313,956.9574584960938,530.166748046875,0.1056034802556862,498,-45.52850419215846,-0.0546505500066346,24,
cv,session_loso,attn,paw_vx,none,49,f88d4dd4,-0.0943332985223937,974.9027099609376,541.4366455078125,0.05066401091983,498,-42.807465994653874,-0.099294232894869,24,
cv,session_loso,mean,paw_vx,none,50,fb70ebf7,-0.0450371114538989,469.7686462402344,263.5317687988281,0.0731222791489694,2826,-0.166013782700355,-0.1707300949752138,130,
cv,session_loso,attn,paw_vx,none,50,fb70ebf7,0.0509855491156184,447.6665344238281,251.65830993652344,0.2687085400419925,2826,-0.0049035827516315,0.0169543819847544,130,
cv,session_loso,mean,paw_vx,none,51,ff4187b5,-0.0186479183604881,615.7785034179688,386.9045715332031,0.1034758007287383,8433,-2.444933538791603,-0.0311165162182227,371,
cv,session_loso,attn,paw_vx,none,51,ff4187b5,-0.0979144353148955,639.2882690429688,405.5248107910156,0.1023156604513004,8433,-5.153253567833924,-0.0958424526644485,371,
cv,mouse_lomo,mean,paw_vx,none,0,CSHL049,0.0335924528669318,553.0042724609375,291.7529602050781,0.2005773763093995,4352,-0.0954090848334794,-0.0212434964976173,182,
cv,mouse_lomo,attn,paw_vx,none,0,CSHL049,0.0535168413688497,547.27392578125,298.7463684082031,0.2393494286719902,4352,-0.0430944071462548,0.0369349952073304,182,
cv,mouse_lomo,mean,paw_vx,none,1,CSHL058,-0.0309842815035179,466.5994567871094,266.73162841796875,0.0822480471923855,2826,-0.1496125706064393,-0.1533537364796307,130,
cv,mouse_lomo,attn,paw_vx,none,1,CSHL058,-0.0351480339856469,467.5407104492188,271.5144958496094,0.0831061312441706,2826,-0.1402346545776718,-0.1770177255007433,130,
cv,mouse_lomo,mean,paw_vx,none,2,CSHL059,0.0285692580203927,531.8717651367188,299.40203857421875,0.22941763044218,4713,-0.14505688997597,-0.0531274891952375,194,
cv,mouse_lomo,attn,paw_vx,none,2,CSHL059,-0.0883569635957839,562.9718017578125,269.330322265625,0.086283264303653,4713,-0.3455770795692926,-0.3323724461970169,194,
cv,mouse_lomo,mean,paw_vx,none,3,CSHL060,-0.1122371415288656,807.629150390625,446.482177734375,-0.0435970631158527,3648,-0.3133893538765745,-0.2099315893218718,141,
cv,mouse_lomo,attn,paw_vx,none,3,CSHL060,-0.0672977972105273,791.14501953125,421.9176330566406,-0.2833829418506264,3648,-0.2837496114042119,-0.1778337185088303,141,
cv,mouse_lomo,mean,paw_vx,none,4,CSH_ZAD_019,-0.0255079862717799,517.0735473632812,260.5158386230469,0.0168344983260328,2505,-0.3513955720244806,-0.2361239211200684,96,
cv,mouse_lomo,attn,paw_vx,none,4,CSH_ZAD_019,-0.0204078247387602,515.7861328125,257.7689208984375,0.102294804692254,2505,-0.3346466840512601,-0.244526773354673,96,
cv,mouse_lomo,mean,paw_vx,none,5,CSH_ZAD_026,-0.2074360926918357,451.4071960449219,279.3996887207031,0.0893198616561475,14490,-2.8137221999030406,-0.503472939906179,691,
cv,mouse_lomo,attn,paw_vx,none,5,CSH_ZAD_026,-0.3006219136733787,468.5025634765625,272.0273742675781,0.0514477928462557,14490,-3.472515890366304,-0.4073969857079551,691,
cv,mouse_lomo,mean,paw_vx,none,6,DY_011,0.0817120309103803,789.4134521484375,432.6870422363281,0.3439916002139417,1970,-0.1128861612358155,-0.0411623492531258,97,
cv,mouse_lomo,attn,paw_vx,none,6,DY_011,-0.0043045535989447,825.5584716796875,457.2206726074219,0.1990269856003491,1970,-0.2205498726248026,-0.1247330563315363,97,
cv,mouse_lomo,mean,paw_vx,none,7,DY_014,-0.0216888289891474,515.3671264648438,279.1759948730469,0.02053360995173,5442,-0.3561724328319244,-0.1789998205922522,244,
cv,mouse_lomo,attn,paw_vx,none,7,DY_014,-0.0024646140424728,510.4954833984375,271.9681396484375,0.058675893482096,5442,-0.3471753784981441,-0.2029068989778684,244,
cv,mouse_lomo,mean,paw_vx,none,8,KS023,-0.0309438085364919,553.2431640625,315.7247314453125,0.0191692842622091,2241,-0.2985287718135352,-0.185908955740693,76,
cv,mouse_lomo,attn,paw_vx,none,8,KS023,-0.0253058239410068,551.7283935546875,301.6043395996094,-0.0193246705720958,2241,-0.1990245029594673,-0.1081396437768963,76,
cv,mouse_lomo,mean,paw_vx,none,9,KS043,-0.0052851916043659,531.2159423828125,287.8925476074219,0.1197660981009885,2555,-0.2144803534300734,-0.1228369210325881,103,
cv,mouse_lomo,attn,paw_vx,none,9,KS043,0.0175784395570453,525.140380859375,272.3226928710937,0.1355913829835415,2555,-0.1662322077756701,-0.0849791690570855,103,
cv,mouse_lomo,mean,paw_vx,none,10,KS046,-0.0054899225671796,604.82080078125,317.99078369140625,0.0237202977081988,5033,-0.2671883276544169,-0.2585430431963548,250,
cv,mouse_lomo,attn,paw_vx,none,10,KS046,-0.0019176081810887,603.7454223632812,320.6525573730469,0.0148731686825204,5033,-0.3146468963017996,-0.2591755053459232,250,
cv,mouse_lomo,mean,paw_vx,none,11,KS091,-0.0356883989674972,732.1685180664062,411.9314270019531,-0.0560391992118078,6139,-0.436371140437549,-0.2192844228171319,256,
cv,mouse_lomo,attn,paw_vx,none,11,KS091,-0.069645429773258,744.0745239257812,443.9839477539063,0.012561767677478,6139,-0.5089358563368287,-0.2396337537337332,256,
cv,mouse_lomo,mean,paw_vx,none,12,NR_0027,-0.0176876369829228,822.5243530273438,425.0669250488281,0.0020782724780504,8429,-1.1242675641634836,-0.129482312073632,416,
cv,mouse_lomo,attn,paw_vx,none,12,NR_0027,-0.0119020047305486,820.1829223632812,429.7403259277344,0.0391183431121521,8429,-1.5652973640538244,-0.1433060340003173,416,
cv,mouse_lomo,mean,paw_vx,none,13,NYU-21,-0.3983206091751625,635.4027709960938,416.4122924804688,-0.0144397294540711,6003,-2.092555041898696,-0.4661485985741695,282,
cv,mouse_lomo,attn,paw_vx,none,13,NYU-21,-0.492378885334364,656.42529296875,410.8794860839844,0.0366772030593928,6003,-2.8053435628050414,-0.6457645503172035,282,
cv,mouse_lomo,mean,paw_vx,none,14,NYU-30,-0.1827194779423915,877.349853515625,544.5265502929688,-0.04834120206094,7516,-1.3115214200801883,-0.3771721410726238,270,
cv,mouse_lomo,attn,paw_vx,none,14,NYU-30,-0.1485402243406375,864.5797729492188,528.7896118164062,-0.0667910788355569,7516,-1.1789103963102556,-0.3153648538365093,270,
cv,mouse_lomo,mean,paw_vx,none,15,NYU-37,0.0001210226985843,931.8804321289062,504.8237609863281,0.1113515550850729,498,-16.571190874699443,0.0100934555636598,24,
cv,mouse_lomo,attn,paw_vx,none,15,NYU-37,-0.0009272546119267,932.3688354492188,515.5259399414062,0.149728894867304,498,-25.750020066820294,-0.0174286649517174,24,
cv,mouse_lomo,mean,paw_vx,none,16,NYU-48,-0.0196059863281217,1040.1357421875,577.2822875976562,0.0093563007741595,7221,-2.338837716135823,-0.0466799581033283,347,
cv,mouse_lomo,attn,paw_vx,none,16,NYU-48,-0.0116447392001435,1036.0670166015625,583.335205078125,0.0414375695678307,7221,-2.3110491979067844,-0.0285511733349355,347,
cv,mouse_lomo,mean,paw_vx,none,17,PL033,0.0023180605899797,544.1923828125,325.90435791015625,0.0617582739295932,3525,-0.1736014125261786,-0.0890832340524265,145,
cv,mouse_lomo,attn,paw_vx,none,17,PL033,-0.0049199970636659,546.162841796875,329.24957275390625,0.0501104153416519,3525,-0.1931637266142966,-0.1051998552477129,145,
cv,mouse_lomo,mean,paw_vx,none,18,SWC_038,-0.0766141909706605,356.2404479980469,163.45469665527344,-0.0209279669333997,7108,-10.44493024421224,-0.4084990891492568,173,
cv,mouse_lomo,attn,paw_vx,none,18,SWC_038,-0.0871613525300643,357.981201171875,159.3107452392578,-0.0101824594403898,7108,-33.53413411173378,-0.4474672072992376,173,
cv,mouse_lomo,mean,paw_vx,none,19,SWC_043,-0.0599334185058153,724.698486328125,319.6586303710937,-0.1031984450031097,8913,-0.3116043501263604,-0.160344044580682,286,
cv,mouse_lomo,attn,paw_vx,none,19,SWC_043,-0.0353754706442943,716.25390625,305.72528076171875,-0.0378547125039394,8913,-0.2605903416331983,-0.1743232250342784,286,
cv,mouse_lomo,mean,paw_vx,none,20,SWC_061,-1.1128651965397025,552.2080688476562,365.73638916015625,-0.0126582267224027,1477,-3.712000475111412,-2.9314094112789446,52,
cv,mouse_lomo,attn,paw_vx,none,20,SWC_061,-1.0239969050672617,540.47021484375,381.5307312011719,-0.0181814589777738,1477,-3.3994590991550697,-3.089151869428824,52,
cv,mouse_lomo,mean,paw_vx,none,21,UCLA033,-0.0047599224946046,486.4024353027344,280.3393859863281,-0.0202637525578715,896,-0.3999388539002719,-0.1790809489262461,47,
cv,mouse_lomo,attn,paw_vx,none,21,UCLA033,-0.0075041159583959,487.0662231445313,283.4118957519531,-0.0390254986093925,896,-0.4030726201633731,-0.1831638549317935,47,
cv,mouse_lomo,mean,paw_vx,none,22,UCLA034,-0.0382820244666646,630.61865234375,383.4886474609375,-0.0194277189136519,528,-0.2869062062531653,-0.1423158725909127,24,
cv,mouse_lomo,attn,paw_vx,none,22,UCLA034,-0.0454445256021736,632.7901000976562,389.4054565429688,-0.0834644498154074,528,-0.4131917710508221,-0.0598094509018826,24,
cv,mouse_lomo,mean,paw_vx,none,23,UCLA035,-0.0357046440810251,548.2554931640625,270.7772216796875,0.0850912042080643,1128,-0.2522888616330319,-0.1264394002350224,47,
cv,mouse_lomo,attn,paw_vx,none,23,UCLA035,-0.017905384001454,543.5239868164062,274.38037109375,-0.0151436999058433,1128,-0.2250959035399287,-0.1156646736416895,47,
cv,mouse_lomo,mean,paw_vx,none,24,UCLA037,-0.0292789236354094,576.6080932617188,340.0128173828125,-0.0773720749305451,1165,-0.2068925361870831,-0.1231043509686372,52,
cv,mouse_lomo,attn,paw_vx,none,24,UCLA037,-0.0014157756645418,568.75,342.363525390625,0.0133005097624465,1165,-0.2064924184732686,-0.0583756130991368,52,
cv,mouse_lomo,mean,paw_vx,none,25,ZFM-01576,-0.0169994284716645,1003.200439453125,591.1055297851562,0.2080700587038134,49,-0.6986744506380518,-0.6986744506380518,2,
cv,mouse_lomo,attn,paw_vx,none,25,ZFM-01576,-0.0910165957365018,1039.0657958984375,703.2388916015625,-0.1453550432143969,49,-1.3216387952262414,-1.3216387952262414,2,
cv,mouse_lomo,mean,paw_vx,none,26,ZFM-01936,-0.0076468849016142,846.9010620117188,430.5715026855469,-0.0577173990686717,5237,-0.3908766071582283,-0.3320180173178551,226,
cv,mouse_lomo,attn,paw_vx,none,26,ZFM-01936,-0.0030991229861117,844.9877319335938,435.53662109375,0.0183293890267112,5237,-0.4901794363289402,-0.3306768961347353,226,
cv,mouse_lomo,mean,paw_vx,none,27,ZFM-01937,-0.3654804989679763,732.8782958984375,386.7313232421875,0.0391562153796866,2516,-1.259005052194427,-0.6228394850529215,69,
cv,mouse_lomo,attn,paw_vx,none,27,ZFM-01937,-0.5507177689764484,781.0079956054688,425.7992858886719,0.019417754171812,2516,-1.9459289748531217,-0.8954424214102286,69,
cv,mouse_lomo,mean,paw_vx,none,28,ZFM-02370,-0.0681783692559696,533.3118286132812,325.8166198730469,0.0073793781296245,2015,-0.4571572401753875,-0.4958870644720261,89,
cv,mouse_lomo,attn,paw_vx,none,28,ZFM-02370,-0.0349278668149914,524.9456787109375,316.4693603515625,0.0032060748481659,2015,-0.3768054002821379,-0.3958804586000053,89,
cv,mouse_lomo,mean,paw_vx,none,29,ZM_2240,-0.0261297437093295,535.9076538085938,325.75927734375,0.0239009516849805,2850,-0.5029598776440164,-0.1882142391934216,139,
cv,mouse_lomo,attn,paw_vx,none,29,ZM_2240,0.0170287746137788,524.5165405273438,304.73785400390625,0.1339537804882318,2850,-0.324191216507861,-0.1743755355692231,139,
cv,mouse_lomo,mean,paw_vx,none,30,ZM_2241,-0.0096361993949065,613.0486450195312,378.555908203125,0.0966416707630204,8433,-2.100649778407069,-0.0468815106289739,371,
cv,mouse_lomo,attn,paw_vx,none,30,ZM_2241,-0.0205695470160107,616.3590698242188,383.6307067871094,0.0893477996284639,8433,-2.252827299456316,-0.0479612476517861,371,
cv,mouse_lomo,mean,paw_vx,none,31,ZM_2245,-0.0277834944311232,460.8551025390625,285.8412780761719,0.0873778495305202,7314,-0.1674202208490186,-0.1199834508359247,231,
cv,mouse_lomo,attn,paw_vx,none,31,ZM_2245,-0.1081070118355931,478.5248107910156,297.6324768066406,0.0788111576470941,7314,-0.34218577638549,-0.2670401288666897,231,
